tfoyster0@blogger.com,PURCHASED,2021-03-14T10:02:14Z,55670-601,Trueman,Foyster
kstichel1@fda.gov,PURCHASED,2020-11-14T22:54:12Z,36987-1261,Kayla,Stichel
cskingle2@omniture.com,ACTIVE,2020-11-27T12:40:15Z,65293-417,Ches,Skingle
shalls3@nyu.edu,PURCHASED,2020-10-15T17:27:05Z,10812-534,Stesha,Halls
tdruel4@ycombinator.com,PURCHASED,2021-03-28T06:53:00Z,58118-0508,Trish,D'Ruel
esaltwell5@alexa.com,ACTIVE,2020-09-10T03:10:08Z,42507-282,Elsbeth,Saltwell
pkeeney6@biglobe.ne.jp,SAVED,2021-03-26T13:30:44Z,62440-370,Prentice,Keeney
vughi7@yellowpages.com,PURCHASED,2020-09-05T04:30:34Z,10889-201,Verena,Ughi
tthelwll8@slate.com,PURCHASED,2021-03-27T00:57:15Z,11822-0678,Teddy,Thelwll
hpunchard9@hc360.com,SAVED,2020-12-31T20:41:48Z,55513-148,Homer,Punchard
femertona@fda.gov,PURCHASED,2021-03-08T21:48:56Z,0517-3050,Fairleigh,Emerton
lollerenshawb@umich.edu,SAVED,2020-12-21T15:59:40Z,25021-780,Levy,Ollerenshaw
vbierc@mozilla.org,ACTIVE,2020-09-09T21:15:28Z,63691-010,Vladimir,Bier
fmcsarryd@cdbaby.com,SAVED,2020-09-05T02:13:12Z,52959-517,Fredra,Mcsarry
osommerlande@tumblr.com,ACTIVE,2021-01-14T20:11:35Z,0013-2656,Ofelia,Sommerland
mnesbyf@fema.gov,ACTIVE,2020-12-01T03:08:35Z,64117-242,Mary,Nesby
hcarpenterg@go.com,SAVED,2021-04-12T13:16:11Z,49702-213,Heall,Carpenter
esummersh@1und1.de,SAVED,2020-12-22T00:43:42Z,57520-0623,Estevan,Summers
hrennebachi@tamu.edu,PURCHASED,2021-02-04T07:37:32Z,37000-602,Herbert,Rennebach
ainkpenj@europa.eu,SAVED,2020-12-14T07:35:17Z,55154-4799,Antonetta,Inkpen
vhowiesonk@gizmodo.com,ACTIVE,2021-01-01T20:34:00Z,23155-119,Valera,Howieson
kpeirol@shop-pro.jp,PURCHASED,2020-10-29T14:10:29Z,61062-0007,Keane,Peiro
srideoutm@opensource.org,PURCHASED,2021-03-30T13:03:16Z,60760-624,Sandy,Rideout
ptschersichn@barnesandnoble.com,PURCHASED,2021-03-17T11:45:50Z,10596-309,Pall,Tschersich
lgallawayo@technorati.com,PURCHASED,2020-12-28T16:32:20Z,50845-0119,Lurleen,Gallaway
nramalhetep@sfgate.com,PURCHASED,2020-09-08T18:27:41Z,49852-300,Nora,Ramalhete
gvelarealq@cafepress.com,PURCHASED,2020-12-18T04:27:06Z,10631-134,Georgiana,Velareal
ggrigolonr@stumbleupon.com,SAVED,2021-03-17T19:35:23Z,63629-4968,Gabey,Grigolon
dlyalls@mediafire.com,PURCHASED,2020-12-13T20:30:36Z,59746-217,Dulcy,Lyall
eturfest@bing.com,PURCHASED,2021-03-29T19:18:07Z,10819-5002,Elyn,Turfes
fgillisonu@uol.com.br,ACTIVE,2021-05-02T17:36:10Z,44911-0066,Flory,Gillison
vsimonnetv@intel.com,ACTIVE,2020-09-07T12:42:38Z,0054-8527,Virgilio,Simonnet
mjobsonw@cdbaby.com,SAVED,2020-10-20T23:56:05Z,57520-0626,Mildred,Jobson
goxbex@fda.gov,ACTIVE,2021-02-14T14:59:14Z,0085-4350,Georgy,Oxbe
rgillilandy@1und1.de,SAVED,2020-12-18T09:46:25Z,10812-973,Robinette,Gilliland
kmoneyz@domainmarket.com,SAVED,2020-10-01T02:21:26Z,51660-527,Kass,Money
ewrixon10@gravatar.com,PURCHASED,2020-09-10T11:32:11Z,68828-124,Ellis,Wrixon
rlebell11@sfgate.com,PURCHASED,2020-11-28T12:27:43Z,57627-110,Renault,Lebell
blillegard12@usgs.gov,ACTIVE,2021-01-27T20:51:10Z,54868-6089,Baird,Lillegard
tllorente13@timesonline.co.uk,PURCHASED,2021-03-29T04:22:17Z,45802-441,Trevor,Llorente
ehort14@geocities.com,ACTIVE,2020-12-23T00:29:08Z,11523-7313,Eirena,Hort
ngabler15@cyberchimps.com,ACTIVE,2020-11-06T23:14:50Z,0409-3183,Nerta,Gabler
ayole16@yahoo.co.jp,PURCHASED,2021-03-25T15:55:40Z,0456-2202,Amelia,Yole
acathcart17@storify.com,PURCHASED,2020-11-21T06:25:32Z,58232-9202,Afton,Cathcart
jtolcharde18@marriott.com,PURCHASED,2021-03-21T19:48:04Z,49527-717,Jerrie,Tolcharde
gdavidai19@engadget.com,SAVED,2021-04-05T12:28:37Z,31645-177,Gail,Davidai
dbirds1a@psu.edu,SAVED,2020-09-24T02:49:12Z,55714-2238,Darlene,Birds
tduer1b@purevolume.com,PURCHASED,2021-04-22T19:50:40Z,65162-307,Tiff,Duer
clloyds1c@cam.ac.uk,PURCHASED,2021-03-10T05:47:51Z,39822-1055,Charo,Lloyds
gwerrett1d@homestead.com,ACTIVE,2021-03-31T23:05:08Z,0004-0245,Gwyn,Werrett
zdomaschke1e@ucoz.ru,PURCHASED,2021-01-27T00:33:50Z,49288-0833,Zuzana,Domaschke
anerheny1f@amazon.co.jp,PURCHASED,2021-01-23T11:55:33Z,0904-6004,Axe,Nerheny
ddeniso1g@accuweather.com,SAVED,2021-04-26T15:54:49Z,65121-121,Dunc,Deniso
dashlee1h@europa.eu,ACTIVE,2021-03-13T15:57:45Z,41250-958,Dulcea,Ashlee
kmunning1i@moonfruit.com,PURCHASED,2021-04-17T17:12:00Z,48878-4061,Kimberlyn,Munning
atrevon1j@utexas.edu,PURCHASED,2021-03-26T16:53:21Z,49873-114,Auria,Trevon
tmacauley1k@stanford.edu,PURCHASED,2020-11-25T05:34:16Z,0597-0127,Trev,Macauley
ravrahamian1l@wikipedia.org,ACTIVE,2020-09-13T21:54:27Z,48951-9045,Royce,Avrahamian
mguiu1m@toplist.cz,PURCHASED,2020-10-10T15:08:15Z,68258-8910,Moe,Guiu
dheaseman1n@ameblo.jp,SAVED,2021-03-27T22:12:51Z,55154-0455,Dody,Heaseman
kwreak1o@blogs.com,PURCHASED,2021-04-19T20:12:36Z,0944-4351,Kathy,Wreak
pclatworthy1p@nps.gov,ACTIVE,2020-11-17T10:27:29Z,42747-223,Pearle,Clatworthy
edignam1q@berkeley.edu,SAVED,2021-01-19T08:17:26Z,63779-056,Ewen,Dignam
jarnaez1r@live.com,SAVED,2021-01-16T10:05:38Z,36987-2592,Jenni,Arnaez
hricarde1s@ucla.edu,PURCHASED,2020-12-24T18:48:43Z,0046-1101,Harriott,Ricarde
nbisson1t@narod.ru,SAVED,2021-04-03T19:51:22Z,54505-332,Norrie,Bisson
twallage1u@is.gd,SAVED,2021-01-13T11:05:28Z,41163-620,Torry,Wallage
tkingscote1v@xing.com,PURCHASED,2020-11-05T18:29:06Z,65044-9960,Talbot,Kingscote
lkelso1w@google.com.br,SAVED,2020-11-28T10:40:52Z,11822-0546,Lewes,Kelso
rgreggor1x@posterous.com,SAVED,2020-12-13T16:05:59Z,36800-318,Richmound,Greggor
mmalyon1y@comcast.net,SAVED,2020-10-21T09:43:19Z,61919-231,Milzie,Malyon
wmitton1z@irs.gov,PURCHASED,2021-03-19T02:04:44Z,68180-113,Wadsworth,Mitton
ayorke20@chronoengine.com,ACTIVE,2021-03-06T09:56:50Z,49653-002,Ashby,Yorke
ccanero21@princeton.edu,SAVED,2020-09-02T07:37:50Z,63304-821,Carolynn,Canero
hwhitrod22@nytimes.com,ACTIVE,2020-12-08T20:24:02Z,47993-200,Hasheem,Whitrod
rhawken23@gmpg.org,ACTIVE,2021-04-02T21:46:26Z,53346-1359,Ramsey,Hawken
ldebruyne24@addthis.com,PURCHASED,2021-01-18T17:57:34Z,44567-506,Leonardo,De Bruyne
scaunce25@sogou.com,ACTIVE,2020-11-25T01:29:57Z,41250-817,Sapphira,Caunce
hmcinnes26@angelfire.com,ACTIVE,2020-12-17T05:17:08Z,51224-203,Heidi,McInnes
sgumary27@google.com.au,ACTIVE,2021-04-03T21:55:28Z,35896-001,Suzette,Gumary
zbayle28@cbc.ca,ACTIVE,2020-10-14T12:19:23Z,43419-717,Zachary,Bayle
jaltree29@marketwatch.com,SAVED,2020-12-09T21:35:36Z,64525-0701,Juana,Altree
rscrase2a@whitehouse.gov,ACTIVE,2020-09-26T11:42:37Z,63219-100,Ross,Scrase
doleshunin2b@mapquest.com,SAVED,2020-09-08T03:13:09Z,0409-6780,Diego,Oleshunin
ktroutbeck2c@arstechnica.com,PURCHASED,2021-03-29T11:30:34Z,37808-397,Katerina,Troutbeck
alidgley2d@berkeley.edu,PURCHASED,2020-11-04T08:01:50Z,57520-0908,Archibold,Lidgley
rhubeaux2e@usgs.gov,SAVED,2020-11-20T16:52:05Z,64942-1010,Ruthie,Hubeaux
mhammon2f@meetup.com,ACTIVE,2021-04-05T17:43:37Z,55154-7805,Melanie,Hammon
bbedbury2g@epa.gov,SAVED,2020-10-01T12:28:16Z,54868-5421,Beryl,Bedbury
hkeedwell2h@sciencedirect.com,ACTIVE,2021-02-17T00:44:32Z,0075-0620,Harp,Keedwell
zcarrivick2i@unc.edu,ACTIVE,2020-10-09T13:39:34Z,0067-8100,Zackariah,Carrivick
idickman2j@epa.gov,PURCHASED,2020-09-23T19:48:55Z,55154-9368,Imogen,Dickman
clyfield2k@va.gov,ACTIVE,2020-11-21T03:07:07Z,44781-150,Catrina,Lyfield
mmarcome2l@indiegogo.com,PURCHASED,2020-09-01T16:43:30Z,58980-610,Maribel,Marcome
gdaviddi2m@smugmug.com,SAVED,2020-11-03T00:32:09Z,0591-0749,Gerrard,Daviddi
mclery2n@alexa.com,ACTIVE,2020-11-25T23:51:00Z,0093-1052,Marijo,Clery
fstopforth2o@t.co,ACTIVE,2020-11-03T22:09:03Z,54868-5303,Florella,Stopforth
lstive2p@fotki.com,ACTIVE,2020-11-17T01:29:14Z,51060-039,Louisette,Stive
tinde2q@webs.com,PURCHASED,2021-03-23T08:13:10Z,49035-553,Tiphani,Inde
jlambeth2r@nymag.com,ACTIVE,2021-04-22T11:44:18Z,53808-0231,Janetta,Lambeth
hwaycott2s@techcrunch.com,PURCHASED,2020-11-25T03:07:44Z,63323-664,Herta,Waycott
vmudie2t@unc.edu,ACTIVE,2020-12-26T05:28:39Z,63739-489,Vere,Mudie
kkilmaster2u@alibaba.com,ACTIVE,2020-12-31T13:10:45Z,68745-1127,Karla,Kilmaster
cwozencraft2v@arizona.edu,PURCHASED,2020-10-19T09:14:47Z,0113-0047,Cassaundra,Wozencraft
ccreber2w@newsvine.com,ACTIVE,2020-11-19T12:19:34Z,55316-177,Christoper,Creber
kmatveichev2x@google.com.au,PURCHASED,2021-03-25T00:50:53Z,52183-266,Kiel,Matveichev
esteely2y@columbia.edu,ACTIVE,2020-10-21T13:07:50Z,65197-201,Emanuel,Steely
sbarnet2z@phoca.cz,ACTIVE,2020-12-28T03:43:46Z,43742-0173,Stephani,Barnet
ebrace30@nydailynews.com,ACTIVE,2020-09-22T04:39:32Z,21749-740,Elva,Brace
cnewey31@nymag.com,PURCHASED,2020-09-23T06:58:31Z,16590-215,Callie,Newey
jsulter32@fema.gov,ACTIVE,2020-10-05T20:20:57Z,0363-0413,Jard,Sulter
ckerswill33@google.de,ACTIVE,2020-09-13T14:29:41Z,55154-5687,Constantin,Kerswill
mcargill34@wired.com,ACTIVE,2020-09-10T23:01:35Z,11822-0691,Madelina,Cargill
lbrouncker35@creativecommons.org,ACTIVE,2021-01-08T20:41:49Z,65862-053,Lyon,Brouncker
gachurch36@ask.com,ACTIVE,2021-01-02T23:11:34Z,0378-0053,Grant,Achurch
btowe37@springer.com,ACTIVE,2020-12-16T13:43:22Z,61715-043,Burch,Towe
gsmith38@buzzfeed.com,ACTIVE,2020-11-17T19:40:16Z,60846-811,Greggory,Smith
brittmeier39@fotki.com,PURCHASED,2021-04-09T12:58:36Z,65841-755,Bria,Rittmeier
mmaccarter3a@google.com.hk,ACTIVE,2020-12-18T00:50:57Z,59779-249,Mariel,MacCarter
dchannon3b@geocities.com,SAVED,2021-03-02T08:39:08Z,64942-1099,Danell,Channon
darendt3c@sohu.com,ACTIVE,2021-04-08T16:49:10Z,13913-009,Debbi,Arendt
kjamary3d@webeden.co.uk,PURCHASED,2020-10-26T04:31:40Z,57520-0626,Kary,Jamary
mmoff3e@homestead.com,PURCHASED,2021-01-10T16:47:58Z,0115-4222,Madelene,Moff
erodgerson3f@homestead.com,PURCHASED,2021-01-22T14:33:35Z,65862-630,Eba,Rodgerson
jmacbane3g@squarespace.com,ACTIVE,2021-01-16T22:05:29Z,41520-873,Jacenta,Macbane
tolivas3h@sogou.com,PURCHASED,2020-10-07T20:15:46Z,63629-4888,Teodorico,Olivas
jcowely3i@hao123.com,SAVED,2020-12-09T07:47:21Z,41250-361,Jimmie,Cowely
tambler3j@hugedomains.com,ACTIVE,2020-12-08T11:48:28Z,53346-1340,Tamra,Ambler
frowledge3k@friendfeed.com,SAVED,2021-01-04T06:22:07Z,54371-471,Freddy,Rowledge
hrickell3l@abc.net.au,ACTIVE,2020-11-10T23:20:14Z,62037-699,Harrie,Rickell
skillingsworth3m@irs.gov,ACTIVE,2021-03-16T15:15:26Z,59779-920,Shane,Killingsworth
valeksandrov3n@omniture.com,PURCHASED,2021-01-29T09:09:00Z,54569-0570,Valle,Aleksandrov
awyson3o@illinois.edu,ACTIVE,2021-03-05T04:04:57Z,43269-843,Anabella,Wyson
gcrysell3p@plala.or.jp,ACTIVE,2021-03-19T00:12:26Z,65597-105,Gloria,Crysell
sbambrough3q@geocities.com,ACTIVE,2020-10-01T10:45:35Z,0023-0316,Selma,Bambrough
fwhiston3r@un.org,ACTIVE,2020-09-04T03:34:57Z,50484-311,Flory,Whiston
theasly3s@independent.co.uk,ACTIVE,2020-09-25T10:29:10Z,35356-051,Timothea,Heasly
hstanhope3t@biglobe.ne.jp,ACTIVE,2020-11-14T06:00:11Z,55301-822,Hagan,Stanhope
mwrankling3u@bizjournals.com,PURCHASED,2021-03-14T21:14:33Z,49288-0113,Mar,Wrankling
wgarci3v@etsy.com,SAVED,2020-10-06T20:36:08Z,67378-001,Winnie,Garci
fdevere3w@mashable.com,PURCHASED,2020-09-15T17:32:50Z,11410-603,Fabio,De Vere
acolebourne3x@salon.com,PURCHASED,2021-04-28T07:30:42Z,65923-902,Avis,Colebourne
ehume3y@shop-pro.jp,SAVED,2020-11-28T23:39:18Z,21130-214,Eugen,Hume
mosinin3z@mapquest.com,ACTIVE,2021-03-28T18:39:08Z,0280-1460,Monica,Osinin
lgiroldi40@stanford.edu,PURCHASED,2020-12-06T02:29:02Z,55150-163,Lena,Giroldi
aeasbie41@barnesandnoble.com,PURCHASED,2020-10-23T23:19:20Z,58892-265,Almeta,Easbie
cpye42@facebook.com,ACTIVE,2021-01-15T12:38:30Z,66993-893,Clywd,Pye
jantushev43@t-online.de,ACTIVE,2020-09-21T00:06:36Z,49999-701,Jamie,Antushev
awoodroff44@ca.gov,ACTIVE,2020-12-10T02:52:36Z,21695-672,Arnold,Woodroff
sgregori45@ucoz.ru,ACTIVE,2020-09-09T08:38:46Z,70253-329,Sile,Gregori
gpinckstone46@bloomberg.com,ACTIVE,2021-04-10T22:50:44Z,43353-795,Gard,Pinckstone
moshaughnessy47@linkedin.com,ACTIVE,2021-01-06T23:00:23Z,13734-141,Marina,O'Shaughnessy
ocoope48@godaddy.com,ACTIVE,2021-03-22T15:12:35Z,41163-422,Odele,Coope
jcossor49@toplist.cz,SAVED,2020-10-06T01:36:18Z,0409-6778,Jesse,Cossor
mkidds4a@google.com.br,PURCHASED,2021-03-07T02:04:59Z,33992-6000,Minta,Kidds
ematyugin4b@google.ru,PURCHASED,2020-12-02T23:43:25Z,48951-8111,Ertha,Matyugin
btchir4c@epa.gov,PURCHASED,2020-12-20T22:28:53Z,42217-200,Barbee,Tchir
cpirdue4d@google.fr,SAVED,2021-01-22T15:23:47Z,47593-266,Claudette,Pirdue
mlarrosa4e@intel.com,ACTIVE,2020-09-21T13:06:27Z,65044-4856,Marlon,Larrosa
kdanbury4f@acquirethisname.com,ACTIVE,2020-12-12T05:48:42Z,54569-1231,Kenneth,Danbury
cpaddick4g@google.es,ACTIVE,2020-12-03T21:51:30Z,68327-012,Corbett,Paddick
amouth4h@google.cn,SAVED,2020-12-02T13:54:08Z,16103-356,Anya,Mouth
iport4i@cocolog-nifty.com,SAVED,2021-05-01T21:38:55Z,35356-780,Ingelbert,Port
abroschke4j@pinterest.com,PURCHASED,2021-01-16T10:31:16Z,62037-695,Anderson,Broschke
ahenken4k@sun.com,ACTIVE,2021-04-09T10:23:14Z,21130-367,Afton,Henken
mrook4l@ow.ly,PURCHASED,2020-10-03T07:00:18Z,51201-101,Minni,Rook
obeville4m@eventbrite.com,PURCHASED,2021-03-31T07:06:24Z,63187-008,Ossie,Beville
mbyass4n@linkedin.com,SAVED,2020-12-18T12:35:24Z,67253-202,Melvyn,Byass
ncurling4o@parallels.com,PURCHASED,2020-10-20T08:18:12Z,36987-2579,Neville,Curling
mrounsefull4p@surveymonkey.com,PURCHASED,2021-02-11T07:52:29Z,22431-529,Mohammed,Rounsefull
cbuttery4q@tmall.com,PURCHASED,2021-03-28T01:49:21Z,64117-960,Cornie,Buttery
aglendzer4r@earthlink.net,ACTIVE,2020-10-02T22:52:39Z,0268-6104,Ariana,Glendzer
wgarnar4s@businessinsider.com,ACTIVE,2020-11-30T03:29:05Z,57483-003,Winfred,Garnar
hvanderkruijs4t@instagram.com,SAVED,2020-10-05T14:50:49Z,17575-007,Harriot,Van der Kruijs
sfrederick4u@cam.ac.uk,PURCHASED,2021-02-22T16:20:13Z,0832-0226,Stillman,Frederick
rgleaves4v@digg.com,ACTIVE,2020-10-27T05:17:22Z,49288-0684,Robinetta,Gleaves
twaight4w@goo.ne.jp,SAVED,2020-12-01T05:56:13Z,50666-004,Tarrah,Waight
estratton4x@hud.gov,ACTIVE,2021-01-12T14:38:16Z,55714-2259,Elke,Stratton
abaggiani4y@wired.com,SAVED,2021-02-07T04:25:02Z,67684-2000,Albertine,Baggiani
sscrymgeour4z@webeden.co.uk,ACTIVE,2021-01-05T23:42:38Z,63323-388,Sharline,Scrymgeour
ascammell50@auda.org.au,PURCHASED,2020-10-19T04:03:51Z,55289-993,Aleece,Scammell
hhelleckas51@uiuc.edu,PURCHASED,2021-04-22T03:58:04Z,43742-0220,Hazel,Helleckas
fbrewitt52@hud.gov,SAVED,2020-12-09T13:12:51Z,0093-2065,Francklyn,Brewitt
dwethered53@narod.ru,PURCHASED,2021-03-23T00:53:12Z,21695-606,Danni,Wethered
jchown54@so-net.ne.jp,ACTIVE,2021-01-08T07:08:45Z,36987-1818,Jacquelynn,Chown
slimbrick55@usda.gov,PURCHASED,2020-10-25T00:21:23Z,55154-5359,Sydelle,Limbrick
stench56@usnews.com,ACTIVE,2021-03-06T04:13:46Z,76049-554,Susanetta,Tench
dtonge57@amazon.co.uk,SAVED,2021-04-02T06:37:54Z,56104-031,Daron,Tonge
edepietri58@google.nl,ACTIVE,2020-09-26T03:12:10Z,10738-302,Elfreda,De Pietri
bsully59@shop-pro.jp,SAVED,2020-11-20T08:14:42Z,68084-390,Banky,Sully
ncattow5a@biblegateway.com,ACTIVE,2021-01-29T16:33:19Z,52125-574,Nance,Cattow
eros5b@wordpress.com,SAVED,2021-04-16T17:29:13Z,48951-1074,Emalia,Ros
gjocelyn5c@xinhuanet.com,ACTIVE,2021-02-25T16:17:45Z,36800-407,Gayla,Jocelyn
lclynman5d@rakuten.co.jp,PURCHASED,2021-03-28T01:47:01Z,56062-600,Lesly,Clynman
pharsant5e@skype.com,ACTIVE,2021-02-04T14:06:42Z,41520-516,Paten,Harsant
cjimes5f@diigo.com,SAVED,2020-09-13T22:20:03Z,55301-329,Codi,Jimes
dlumsdall5g@narod.ru,ACTIVE,2021-03-08T19:04:19Z,42893-020,Dasha,Lumsdall
wvandermark5h@google.pl,ACTIVE,2020-10-07T02:08:52Z,65862-553,Walt,Van der Mark
mrounding5i@hhs.gov,ACTIVE,2021-01-09T20:20:10Z,0268-0903,Monika,Rounding
sluciani5j@dailymail.co.uk,PURCHASED,2021-04-11T00:52:12Z,58411-224,Shell,Luciani
zpain5k@elpais.com,PURCHASED,2021-02-11T08:45:12Z,33261-379,Zedekiah,Pain
lgarnar5l@sbwire.com,SAVED,2021-04-21T19:02:37Z,63629-1565,Loralee,Garnar
aarmer5m@dmoz.org,PURCHASED,2021-05-01T17:26:25Z,24236-708,Akim,Armer
hshelsher5n@jalbum.net,SAVED,2020-11-17T20:58:15Z,54868-5175,Harrietta,Shelsher
oshefton5o@altervista.org,PURCHASED,2021-03-28T11:41:16Z,42643-101,Orson,Shefton
dcabera5p@homestead.com,PURCHASED,2021-01-14T17:55:35Z,66336-670,Dina,Cabera
ldorrell5q@tumblr.com,ACTIVE,2020-10-07T20:58:52Z,29500-9080,Lawton,Dorrell
aharpin5r@prnewswire.com,SAVED,2021-04-18T23:52:49Z,10544-011,Alexi,Harpin
mmacgorley5s@eventbrite.com,PURCHASED,2020-10-02T20:35:03Z,60760-600,Marijo,MacGorley
kwycherley5t@mediafire.com,PURCHASED,2020-10-13T07:17:34Z,61919-382,Kevyn,Wycherley
hlundon5u@marketwatch.com,PURCHASED,2020-12-21T22:05:56Z,65862-068,Hali,Lundon
llazare5v@vistaprint.com,ACTIVE,2020-09-24T00:04:22Z,0409-3507,Lilia,Lazare
dthatcham5w@printfriendly.com,SAVED,2021-04-24T12:57:47Z,24653-310,Dag,Thatcham
vphippard5x@pagesperso-orange.fr,ACTIVE,2020-11-26T11:00:35Z,13630-0043,Vail,Phippard
ggoodley5y@apache.org,ACTIVE,2021-02-06T17:38:40Z,68745-1020,Gilbert,Goodley
fproudlock5z@msu.edu,SAVED,2020-12-25T17:03:48Z,49575-001,Fraze,Proudlock
ledmenson60@amazonaws.com,ACTIVE,2020-10-25T20:00:12Z,43846-0006,Lilly,Edmenson
edalinder61@booking.com,SAVED,2020-11-27T21:35:26Z,12745-105,Errol,Dalinder
rhorbart62@discuz.net,ACTIVE,2020-12-05T05:10:46Z,49371-041,Rick,Horbart
smackissack63@google.com.au,PURCHASED,2021-02-20T15:30:44Z,10544-209,Sarette,MacKissack
rfreyn64@ycombinator.com,ACTIVE,2020-11-27T16:33:05Z,54575-146,Reg,Freyn
mshallcroff65@addthis.com,SAVED,2021-01-28T01:04:03Z,55316-908,Magdalen,Shallcroff
tmcphelim66@unesco.org,SAVED,2020-09-09T11:04:48Z,0363-0605,Tiffani,McPhelim
bdeighan67@imageshack.us,SAVED,2020-11-02T01:28:37Z,36987-3275,Bryana,Deighan
ecours68@uiuc.edu,SAVED,2021-01-19T10:51:29Z,67457-429,Emilee,Cours
jdukesbury69@fc2.com,SAVED,2021-03-11T19:55:16Z,49580-0275,Jasun,Dukesbury
jsommerville6a@plala.or.jp,PURCHASED,2021-02-14T12:01:43Z,0573-0246,Jerald,Sommerville
cstenton6b@uol.com.br,PURCHASED,2020-12-01T13:51:05Z,75854-201,Craggie,Stenton
spreist6c@t-online.de,SAVED,2021-01-17T20:34:17Z,0378-0162,Shandy,Preist
eheckney6d@jugem.jp,SAVED,2021-03-27T08:44:30Z,0409-0201,Elinore,Heckney
tcasey6e@live.com,ACTIVE,2020-11-23T19:49:12Z,65862-521,Theodore,Casey
rchuck6f@photobucket.com,ACTIVE,2020-11-18T00:32:02Z,60760-167,Rupert,Chuck
pthoumasson6g@xinhuanet.com,PURCHASED,2021-02-04T10:47:22Z,55154-5454,Paquito,Thoumasson
dflockhart6h@wordpress.com,ACTIVE,2020-11-02T09:11:21Z,50988-213,Delly,Flockhart
adenning6i@devhub.com,ACTIVE,2021-03-01T21:51:48Z,50991-716,Atlanta,Denning
gbeadham6j@ucla.edu,ACTIVE,2020-09-16T13:40:45Z,65840-100,Garrard,Beadham
wschult6k@apache.org,ACTIVE,2020-11-03T08:00:03Z,23594-510,Wood,Schult
dcharker6l@theglobeandmail.com,SAVED,2021-04-17T03:03:46Z,68788-9885,Deane,Charker
hromero6m@wsj.com,SAVED,2020-11-08T19:49:00Z,54868-4992,Herc,Romero
cmacguigan6n@goo.gl,PURCHASED,2020-10-19T20:56:27Z,0268-6517,Cary,MacGuigan
kmaccaig6o@istockphoto.com,ACTIVE,2021-04-02T20:41:27Z,16714-360,Kalvin,Maccaig
jbentley6p@nature.com,SAVED,2021-01-28T03:56:24Z,60429-081,Jone,Bentley
roconor6q@shareasale.com,ACTIVE,2021-01-14T02:02:08Z,65841-614,Reta,O'Conor
cgouch6r@tinyurl.com,ACTIVE,2021-02-15T22:56:43Z,55312-015,Carolina,Gouch
coloman6s@wunderground.com,PURCHASED,2021-02-02T15:55:40Z,51870-000,Carlynne,Oloman
rgelletly6t@imdb.com,PURCHASED,2021-01-17T16:11:33Z,13107-073,Randy,Gelletly
rsked6u@virginia.edu,PURCHASED,2021-01-14T13:21:52Z,0185-0704,Rivkah,Sked
dcicco6v@ehow.com,SAVED,2021-02-26T23:21:18Z,42254-093,Diandra,Cicco
gdowding6w@mashable.com,PURCHASED,2020-11-04T05:05:57Z,36987-2448,Glynnis,Dowding
teuesden6x@vk.com,PURCHASED,2021-01-10T12:44:23Z,50383-924,Toddy,Euesden
pmckeveney6y@google.ca,SAVED,2021-04-17T23:03:11Z,37000-315,Perla,McKeveney
ahaddock6z@dropbox.com,PURCHASED,2021-04-11T06:27:51Z,60429-954,Adlai,Haddock
abradick70@printfriendly.com,SAVED,2020-11-11T14:57:11Z,68084-605,Augustine,Bradick
earchdeacon71@w3.org,ACTIVE,2020-09-01T02:55:05Z,63629-1435,Emmye,Archdeacon
kfinding72@eventbrite.com,PURCHASED,2021-02-15T03:37:37Z,49348-504,Kassi,Finding
gbyway73@issuu.com,PURCHASED,2021-01-21T11:32:21Z,51452-001,Grenville,Byway
cbrydson74@comsenz.com,PURCHASED,2020-09-16T14:44:53Z,54569-0181,Christoforo,Brydson
nbillington75@paginegialle.it,SAVED,2021-02-20T00:14:04Z,60429-503,Niels,Billington
sedwards76@bigcartel.com,ACTIVE,2020-11-24T03:08:59Z,0054-8183,Storm,Edwards
glabrum77@washington.edu,SAVED,2020-12-06T10:33:02Z,57520-0755,Giffer,Labrum
glordon78@buzzfeed.com,PURCHASED,2020-10-10T03:37:16Z,76214-007,Gabriella,Lordon
ssmurfit79@typepad.com,ACTIVE,2021-03-19T00:39:31Z,10578-003,Sherrie,Smurfit
sconti7a@reddit.com,ACTIVE,2021-01-19T00:31:25Z,24385-982,Shanda,Conti
alorenzetto7b@surveymonkey.com,PURCHASED,2020-10-07T01:47:21Z,43063-288,Anni,Lorenzetto
hcossor7c@feedburner.com,ACTIVE,2020-12-15T00:10:46Z,49349-724,Heida,Cossor
vgeeve7d@bravesites.com,ACTIVE,2021-04-29T03:05:57Z,68472-108,Virgil,Geeve
pmaginot7e@craigslist.org,ACTIVE,2020-12-04T18:38:16Z,45802-076,Paolina,Maginot
talfonzo7f@ucla.edu,PURCHASED,2021-04-24T02:39:12Z,68788-0999,Toiboid,Alfonzo
cmoorhouse7g@usda.gov,PURCHASED,2021-04-04T22:49:01Z,68745-1037,Chevy,Moorhouse
bduckworth7h@google.nl,ACTIVE,2021-03-06T03:16:14Z,49817-0066,Brad,Duckworth
dhaffenden7i@huffingtonpost.com,ACTIVE,2020-09-26T22:33:25Z,55714-4606,Denys,Haffenden
rbangham7j@skyrock.com,SAVED,2020-09-09T01:37:42Z,0054-8207,Rozella,Bangham
sbyrcher7k@seesaa.net,ACTIVE,2021-05-01T09:32:26Z,60512-9086,Sarine,Byrcher
aheaslip7l@webnode.com,SAVED,2021-01-16T14:43:19Z,0781-2258,Anallise,Heaslip
daspel7m@gravatar.com,SAVED,2021-03-27T00:51:55Z,21695-690,Diahann,Aspel
dlamborn7n@europa.eu,ACTIVE,2020-11-21T12:37:18Z,43857-0130,Diandra,Lamborn
hrowles7o@census.gov,ACTIVE,2020-10-20T10:28:05Z,68258-6032,Hollie,Rowles
nstitfall7p@jigsy.com,ACTIVE,2020-10-12T14:07:25Z,42507-008,Nan,Stitfall
sbeglin7q@usgs.gov,SAVED,2020-09-27T09:52:46Z,55319-664,Sholom,Beglin
apamphilon7r@berkeley.edu,PURCHASED,2020-09-07T18:12:02Z,68703-007,Avrit,Pamphilon
jmannakee7s@census.gov,PURCHASED,2021-03-18T00:00:20Z,51672-3008,Jackson,Mannakee
sheavy7t@hostgator.com,ACTIVE,2020-12-31T15:18:53Z,17429-010,Salomi,Heavy
jsickamore7u@google.cn,SAVED,2020-10-29T00:10:47Z,0615-4593,Jonell,Sickamore
msmall7v@vkontakte.ru,PURCHASED,2020-10-21T22:58:39Z,0065-8533,Mureil,Small
itondeur7w@webeden.co.uk,SAVED,2021-03-04T00:51:07Z,67046-650,Isidro,Tondeur
callix7x@linkedin.com,ACTIVE,2020-12-13T06:02:00Z,63029-622,Conan,Allix
lpillman7y@pbs.org,SAVED,2020-10-11T08:16:19Z,53329-304,Lucilia,Pillman
eblindermann7z@constantcontact.com,ACTIVE,2020-11-27T16:48:01Z,0049-3920,Elizabeth,Blindermann
irouthorn80@eventbrite.com,ACTIVE,2021-04-06T00:43:43Z,51769-105,Ignatius,Routhorn
obohey81@fotki.com,SAVED,2020-11-06T18:18:09Z,55714-4541,Ophelia,Bohey
nsaberton82@wordpress.com,ACTIVE,2021-03-12T05:35:52Z,0049-0058,Nannette,Saberton
rduffett83@networksolutions.com,ACTIVE,2021-02-02T10:41:08Z,49035-022,Robinetta,Duffett
datthow84@hhs.gov,ACTIVE,2020-10-26T14:50:36Z,76439-107,Dorice,Atthow
jlevee85@virginia.edu,PURCHASED,2021-03-04T22:31:06Z,13734-111,Josie,Levee
mmorrill86@globo.com,PURCHASED,2020-12-08T03:13:17Z,0615-7620,Marlyn,Morrill
keccles87@addtoany.com,ACTIVE,2021-03-06T22:43:51Z,37000-177,Kristofer,Eccles
ssproston88@techcrunch.com,SAVED,2021-03-08T02:02:10Z,63868-099,Stavros,Sproston
rjoinsey89@spiegel.de,ACTIVE,2020-11-05T01:59:49Z,63187-023,Rancell,Joinsey
dmorrant8a@amazon.co.jp,SAVED,2020-10-03T04:58:59Z,0955-1040,Davidson,Morrant
lmandy8b@cnbc.com,SAVED,2020-10-09T09:30:11Z,0115-6922,Linea,Mandy
hlowder8c@usnews.com,PURCHASED,2020-12-07T05:40:10Z,62856-681,Humberto,Lowder
asinton8d@stanford.edu,SAVED,2020-10-09T08:15:24Z,57237-070,Alexandro,Sinton
amelendez8e@t.co,ACTIVE,2020-09-12T05:00:58Z,52686-298,Asia,Melendez
arenoden8f@nasa.gov,ACTIVE,2021-04-20T20:41:44Z,57520-0520,Angele,Renoden
cmaccrosson8g@java.com,ACTIVE,2020-10-05T03:45:25Z,59779-257,Chevy,MacCrosson
rcrippin8h@quantcast.com,PURCHASED,2021-03-05T05:59:34Z,66487-001,Rolfe,Crippin
ldocharty8i@weibo.com,ACTIVE,2020-11-26T22:34:46Z,24286-1559,Lucio,Docharty
blanigan8j@unc.edu,SAVED,2020-10-22T14:47:39Z,55390-310,Belvia,Lanigan
wyerrall8k@telegraph.co.uk,PURCHASED,2020-12-06T23:07:12Z,59262-272,Wilt,Yerrall
ckeynd8l@issuu.com,PURCHASED,2021-01-17T16:18:37Z,42236-001,Callie,Keynd
eyeliashev8m@canalblog.com,ACTIVE,2021-01-16T06:51:02Z,50462-119,Edi,Yeliashev
bodowgaine8n@smugmug.com,PURCHASED,2020-09-07T00:03:51Z,24236-296,Beauregard,O'Dowgaine
ajarlmann8o@cisco.com,PURCHASED,2021-02-03T17:36:38Z,63187-084,Alison,Jarlmann
aferrarin8p@who.int,SAVED,2021-02-10T06:04:49Z,50988-292,Amata,Ferrarin
sfortye8q@hexun.com,SAVED,2021-02-24T10:14:24Z,68084-291,Simon,Fortye
lyoslowitz8r@usda.gov,ACTIVE,2021-04-01T01:26:26Z,0944-4301,Leonhard,Yoslowitz
hcoltart8s@indiegogo.com,PURCHASED,2020-11-07T17:37:24Z,60512-9077,Hector,Coltart
fwalkinshaw8t@pagesperso-orange.fr,SAVED,2020-12-28T01:26:21Z,43406-0034,Faina,Walkinshaw
clillistone8u@dell.com,SAVED,2021-04-18T03:39:58Z,36987-2664,Codie,Lillistone
leatherton8v@nsw.gov.au,SAVED,2020-12-10T12:16:40Z,60760-006,Leeland,Eatherton
rcharlotte8w@amazon.co.uk,ACTIVE,2020-11-14T06:08:18Z,48951-1184,Rene,Charlotte
frenshell8x@examiner.com,ACTIVE,2021-04-08T02:06:06Z,0615-5585,Franz,Renshell
scaulkett8y@de.vu,SAVED,2021-04-11T16:14:53Z,63323-172,Stafford,Caulkett
gthirlwell8z@unblog.fr,SAVED,2021-02-23T16:40:55Z,55289-118,Gill,Thirlwell
zcaffery90@woothemes.com,ACTIVE,2021-03-30T03:52:28Z,52125-123,Zara,Caffery
mhawk91@nytimes.com,PURCHASED,2020-10-11T09:41:20Z,13668-136,Marysa,Hawk
aroggeman92@nba.com,SAVED,2020-11-21T11:45:17Z,53389-572,August,Roggeman
bmountford93@amazon.de,PURCHASED,2021-04-27T15:10:38Z,11673-459,Blanca,Mountford
ebowick94@csmonitor.com,ACTIVE,2020-11-29T14:36:41Z,35356-954,Ezri,Bowick
fabramchik95@icq.com,SAVED,2021-03-09T14:53:27Z,52584-631,Feliks,Abramchik
mohone96@pcworld.com,SAVED,2021-03-27T04:28:39Z,33261-081,Marijo,O'Hone
tsenner97@com.com,SAVED,2020-11-07T22:55:31Z,0363-0923,Timi,Senner
cmabley98@ask.com,PURCHASED,2020-09-19T06:38:47Z,42291-712,Corbie,Mabley
hmccormick99@google.nl,SAVED,2020-09-28T20:48:54Z,54868-6309,Helga,McCormick
fclemenson9a@seattletimes.com,PURCHASED,2021-02-11T11:57:53Z,0713-0132,Freddy,Clemenson
lglazer9b@mashable.com,SAVED,2020-12-07T08:10:00Z,49035-441,Lazare,Glazer
gbellson9c@sphinn.com,SAVED,2020-09-13T05:26:43Z,50988-296,Galen,Bellson
bwrate9d@technorati.com,SAVED,2021-04-22T04:45:15Z,52862-013,Benetta,Wrate
vmoulin9e@cyberchimps.com,SAVED,2021-03-10T17:46:48Z,63868-262,Vivyan,Moulin
bbrushneen9f@examiner.com,ACTIVE,2021-04-04T22:43:34Z,0363-0950,Briney,Brushneen
nsharma9g@google.ru,PURCHASED,2020-09-26T05:50:26Z,35356-679,Neysa,Sharma
hgandy9h@weather.com,SAVED,2020-09-14T04:12:51Z,54868-5896,Henrieta,Gandy
nmagovern9i@biglobe.ne.jp,ACTIVE,2021-03-26T11:42:56Z,63739-559,Norbie,Magovern
mgresswell9j@google.it,SAVED,2021-03-24T16:35:25Z,75854-308,Marcos,Gresswell
mmartino9k@123-reg.co.uk,PURCHASED,2020-11-21T07:08:33Z,65483-116,Mil,Martino
sdonald9l@paginegialle.it,ACTIVE,2020-11-30T10:40:16Z,63629-3190,Shel,Donald
mcottie9m@google.de,PURCHASED,2020-12-10T18:04:41Z,61727-335,Monro,Cottie
astoddard9n@google.com.au,ACTIVE,2020-10-12T02:00:06Z,60258-530,Anson,Stoddard
mnodes9o@usatoday.com,ACTIVE,2020-11-21T19:58:50Z,50810-2000,Mill,Nodes
uantunez9p@symantec.com,PURCHASED,2020-10-09T21:05:23Z,11673-080,Ursa,Antunez
bewols9q@constantcontact.com,PURCHASED,2021-03-31T22:44:08Z,48951-8007,Bartlet,Ewols
ifautly9r@vinaora.com,SAVED,2020-12-30T04:28:23Z,64305-009,Ivett,Fautly
thourigan9s@ebay.co.uk,PURCHASED,2021-02-22T09:37:56Z,36987-3165,Tudor,Hourigan
icapoun9t@pinterest.com,SAVED,2020-11-30T15:46:00Z,53499-1372,Ikey,Capoun
iquiddington9u@digg.com,PURCHASED,2021-03-14T05:11:39Z,67777-228,Inez,Quiddington
tevered9v@arizona.edu,PURCHASED,2021-04-14T05:22:16Z,65862-203,Tremayne,Evered
ghartly9w@barnesandnoble.com,SAVED,2020-11-22T04:05:14Z,53489-215,Gui,Hartly
nhitter9x@msu.edu,PURCHASED,2020-12-06T09:03:08Z,54868-4791,Neale,Hitter
csinden9y@dropbox.com,SAVED,2021-02-17T03:21:56Z,0781-5379,Codi,Sinden
scoton9z@geocities.com,SAVED,2021-03-11T11:51:23Z,0463-6050,Sabine,Coton
jtuffreya0@state.tx.us,ACTIVE,2021-01-19T23:18:51Z,55154-5581,Jackson,Tuffrey
deadya1@51.la,ACTIVE,2020-10-04T15:27:05Z,0603-0168,Dorry,Eady
tdomba2@rakuten.co.jp,PURCHASED,2020-10-21T01:22:05Z,42549-620,Twila,Domb
lbiera3@netscape.com,PURCHASED,2020-10-10T05:30:57Z,49527-039,Lisette,Bier
smccurrya4@fotki.com,ACTIVE,2020-09-05T14:21:26Z,24236-300,Sher,McCurry
jellerkera5@vk.com,ACTIVE,2021-04-23T12:22:12Z,36987-2462,Jeannette,Ellerker
jlouedeya6@reddit.com,ACTIVE,2020-09-28T07:23:52Z,75854-312,Jane,Louedey
esavinsa7@buzzfeed.com,PURCHASED,2021-04-18T11:01:55Z,24236-608,Erik,Savins
crapaporta8@joomla.org,SAVED,2020-09-03T09:38:37Z,0363-0434,Chaunce,Rapaport
tlangdridgea9@reference.com,SAVED,2020-09-08T14:23:18Z,0006-0732,Tamas,Langdridge
gclawsonaa@answers.com,ACTIVE,2020-12-04T09:47:42Z,49693-1301,Gil,Clawson
bharrowerab@about.com,PURCHASED,2021-01-12T21:55:07Z,0126-0022,Berk,Harrower
imayneac@indiatimes.com,PURCHASED,2021-03-19T20:57:54Z,54569-1054,Isabel,Mayne
nisenorad@google.com,ACTIVE,2021-01-02T12:25:37Z,0363-4429,Noreen,Isenor
enuttenae@va.gov,PURCHASED,2020-10-11T23:40:21Z,60512-1019,Emile,Nutten
acurtainaf@skype.com,PURCHASED,2020-11-27T21:05:21Z,66993-050,Adi,Curtain
cbowditchag@webnode.com,PURCHASED,2021-03-06T00:14:38Z,58118-3750,Cristobal,Bowditch
mbatchelorah@123-reg.co.uk,PURCHASED,2021-02-08T14:28:06Z,48951-1013,Minne,Batchelor
cmcvicarai@usnews.com,PURCHASED,2020-12-16T15:25:34Z,35356-825,Cathryn,McVicar
tcarthewaj@devhub.com,ACTIVE,2021-03-10T09:16:55Z,54868-3526,Tibold,Carthew
kdarleyak@nhs.uk,SAVED,2020-11-16T07:30:25Z,13537-036,Kissiah,Darley
etotheral@netvibes.com,ACTIVE,2021-01-17T20:14:09Z,24208-358,Ervin,Tother
cdukeram@abc.net.au,ACTIVE,2020-11-06T22:35:22Z,49349-566,Caspar,Duker
vscutchingan@facebook.com,SAVED,2020-11-17T13:24:20Z,0143-3370,Von,Scutching
egelderao@psu.edu,PURCHASED,2021-01-11T20:50:54Z,10096-0312,Eugen,Gelder
mannisap@rakuten.co.jp,SAVED,2021-03-25T04:27:43Z,68803-612,Morie,Annis
gdomokosaq@ezinearticles.com,SAVED,2020-09-01T09:33:00Z,54868-5482,Gussy,Domokos
gstichallar@constantcontact.com,PURCHASED,2020-11-11T18:28:34Z,59898-420,Goraud,Stichall
onuscheas@loc.gov,ACTIVE,2020-10-25T03:52:05Z,50419-773,Orville,Nusche
dspoursat@surveymonkey.com,ACTIVE,2020-11-04T09:21:35Z,0220-1104,Dierdre,Spours
nmazzeiau@cbc.ca,ACTIVE,2020-10-19T14:10:21Z,0143-9669,Nikki,Mazzei
dtrankav@nps.gov,SAVED,2021-03-17T18:25:59Z,54868-4091,Desiree,Trank
asagersonaw@scribd.com,PURCHASED,2020-11-30T22:23:15Z,0187-5202,Aylmar,Sagerson
mlegginax@ifeng.com,SAVED,2021-03-27T02:39:32Z,52054-804,Melina,Leggin
rribbensay@nyu.edu,SAVED,2021-04-09T21:31:26Z,10596-336,Renard,Ribbens
rgoomaz@yahoo.co.jp,SAVED,2020-09-18T22:28:15Z,63481-623,Rodolfo,Goom
vbuntonb0@photobucket.com,PURCHASED,2021-01-12T19:10:33Z,44567-505,Vanessa,Bunton
blavigneb1@netlog.com,SAVED,2020-10-22T17:42:26Z,50845-0046,Baxter,Lavigne
rmoffb2@businessinsider.com,SAVED,2021-01-08T05:10:03Z,41250-484,Rey,Moff
mflecknellb3@com.com,PURCHASED,2020-10-30T14:06:21Z,54868-4793,Michael,Flecknell
kdzeniskevichb4@indiegogo.com,PURCHASED,2021-04-30T18:49:24Z,52685-448,Karine,Dzeniskevich
rbuttgowb5@aol.com,PURCHASED,2020-11-16T19:02:20Z,59898-805,Ranna,Butt Gow
rjagglib6@netlog.com,SAVED,2020-09-04T03:46:07Z,68645-408,Romain,Jaggli
kducastelb7@t-online.de,SAVED,2020-11-09T02:04:17Z,51625-003,Keelia,Ducastel
aswappb8@networksolutions.com,SAVED,2021-04-21T11:26:55Z,0093-7256,Alvin,Swapp
nalyoshinb9@sun.com,SAVED,2020-09-23T14:09:35Z,49288-0649,Norby,Alyoshin
bamangerba@nytimes.com,SAVED,2020-12-03T02:54:21Z,58118-4029,Bren,aManger
ljerdonbb@goo.ne.jp,SAVED,2021-01-14T03:52:41Z,54272-101,Layney,Jerdon
solagenebc@livejournal.com,PURCHASED,2021-03-10T20:38:07Z,36987-1913,Sydney,O'Lagene
gstaytbd@utexas.edu,ACTIVE,2021-02-25T00:21:01Z,42582-200,Giorgi,Stayt
kphillinsbe@posterous.com,ACTIVE,2020-12-12T04:09:52Z,67345-0641,Krishnah,Phillins
stolmiebf@sogou.com,ACTIVE,2020-11-15T15:39:45Z,59779-149,Sutton,Tolmie
nchaslebg@yahoo.co.jp,SAVED,2020-12-08T21:09:46Z,63629-2952,Nikki,Chasle
lantonomolibh@nbcnews.com,ACTIVE,2021-01-23T09:42:20Z,54162-925,Lonna,Antonomoli
gcornilsbi@addthis.com,SAVED,2020-12-15T10:19:50Z,25000-104,Gardy,Cornils
abodybj@indiatimes.com,ACTIVE,2020-12-13T12:58:54Z,10819-1080,Arthur,Body
rsynkebk@infoseek.co.jp,SAVED,2021-04-06T19:09:21Z,0378-5053,Rozalie,Synke
bcowellbl@amazon.de,SAVED,2020-10-13T23:13:32Z,68016-217,Bertrando,Cowell
awollacottbm@usnews.com,ACTIVE,2021-03-24T10:53:54Z,12634-118,Ardelia,Wollacott
bcaulderbn@google.it,ACTIVE,2020-12-21T15:08:41Z,64126-1234,Byran,Caulder
mvaunbo@apple.com,SAVED,2021-02-18T16:18:32Z,11673-248,Maiga,Vaun
vsowdenbp@cnn.com,PURCHASED,2020-09-27T18:37:38Z,72036-220,Veronika,Sowden
escarfbq@studiopress.com,ACTIVE,2021-02-21T06:48:12Z,0944-8503,Ely,Scarf
kswaitbr@usa.gov,ACTIVE,2020-09-18T22:07:12Z,54868-5405,Kim,Swait
rdechelettebs@jigsy.com,SAVED,2020-09-18T08:08:39Z,0409-7923,Reggis,Dechelette
rkellewaybt@forbes.com,PURCHASED,2021-01-13T03:48:45Z,55441-201,Rosetta,Kelleway
mferrebu@phoca.cz,PURCHASED,2021-04-02T13:07:28Z,52533-096,Mack,Ferre
jjeffcoatbv@163.com,ACTIVE,2020-12-23T01:17:47Z,64117-178,Javier,Jeffcoat
apardoebw@bing.com,PURCHASED,2021-03-19T03:15:38Z,23558-6895,Ahmed,Pardoe
hhalybx@businessinsider.com,SAVED,2020-09-28T22:02:45Z,16590-815,Hewitt,Haly
kdibleby@booking.com,ACTIVE,2020-12-10T15:00:50Z,64058-641,Katrine,Dible
dsexbz@dropbox.com,PURCHASED,2020-10-29T22:01:23Z,36800-829,Donnell,Sex
rclarkewilliamsc0@360.cn,PURCHASED,2020-09-18T09:14:07Z,64117-962,Regan,Clarke-Williams
pbeneixc1@webeden.co.uk,PURCHASED,2020-12-02T21:45:45Z,21695-292,Pamela,Beneix
gluesleyc2@usnews.com,ACTIVE,2021-02-23T03:45:21Z,16590-148,Gaven,Luesley
moscanlanc3@aboutads.info,SAVED,2020-10-04T06:30:30Z,50458-860,Morena,O'Scanlan
pelsiec4@hugedomains.com,PURCHASED,2020-09-21T18:29:26Z,33992-1500,Penelope,Elsie
cmarymanc5@china.com.cn,ACTIVE,2020-09-11T12:24:24Z,65084-123,Cyndy,Maryman
mlusherc6@columbia.edu,SAVED,2021-02-12T07:05:07Z,0482-4770,Margeaux,Lusher
bleblondc7@multiply.com,SAVED,2020-11-27T22:39:38Z,76439-243,Benedetto,Le Blond
rcuradoc8@cbc.ca,ACTIVE,2020-12-14T08:54:12Z,60760-036,Roze,Curado
rbrattc9@dmoz.org,ACTIVE,2020-11-23T03:07:44Z,50184-3800,Raf,Bratt
jparmenterca@fc2.com,SAVED,2020-10-01T20:41:45Z,52125-468,Juliette,Parmenter
fmoinecb@fastcompany.com,ACTIVE,2020-11-03T03:01:06Z,60760-018,Fonsie,Moine
dcruftcc@nps.gov,ACTIVE,2020-10-09T02:55:01Z,43742-0232,Diana,Cruft
pmucklecd@mlb.com,PURCHASED,2021-04-07T05:56:18Z,49349-904,Peyton,Muckle
cpalekce@myspace.com,SAVED,2020-10-26T02:19:33Z,76439-247,Calvin,Palek
taronoffcf@sitemeter.com,PURCHASED,2021-02-08T23:00:31Z,11673-229,Tabbie,Aronoff
zfauldscg@myspace.com,PURCHASED,2020-10-15T13:10:45Z,51532-5104,Zebulen,Faulds
dcamplinch@edublogs.org,PURCHASED,2021-02-19T06:53:57Z,42947-631,Dyan,Camplin
ephillottci@squidoo.com,ACTIVE,2020-11-05T16:49:18Z,52959-593,Elizabeth,Phillott
lscotfordcj@nsw.gov.au,PURCHASED,2021-04-07T13:00:49Z,13537-161,Lee,Scotford
blakinck@wordpress.com,PURCHASED,2020-10-05T02:46:18Z,36987-2495,Breanne,Lakin
ghefferoncl@cbc.ca,ACTIVE,2020-09-04T09:51:00Z,59746-348,Gaspard,Hefferon
lvanveldencm@miitbeian.gov.cn,PURCHASED,2021-01-21T03:34:26Z,50184-6200,Lynnett,Van Velden
mhulsoncn@w3.org,SAVED,2020-12-04T04:33:25Z,67457-449,Monroe,Hulson
cclohiseyco@bigcartel.com,SAVED,2021-02-24T19:27:07Z,55154-6704,Chrystal,Clohisey
nyurikovcp@cornell.edu,ACTIVE,2020-10-25T05:43:27Z,54868-3363,Nobe,Yurikov
aasbreycq@bloglines.com,SAVED,2021-02-14T10:59:31Z,64533-000,Andrew,Asbrey
scawsoncr@unicef.org,PURCHASED,2020-10-22T15:16:11Z,68258-8981,Stevena,Cawson
oginnallycs@shutterfly.com,SAVED,2020-12-20T19:49:39Z,11673-271,Oralee,Ginnally
fstraunct@ca.gov,PURCHASED,2020-12-05T07:03:33Z,63629-4719,Ferrell,Straun
uadriaenscu@yandex.ru,PURCHASED,2021-04-10T21:14:17Z,42507-086,Ursala,Adriaens
ccawstoncv@tiny.cc,PURCHASED,2021-02-22T04:57:20Z,36800-139,Cindee,Cawston
gbabbidgecw@marriott.com,ACTIVE,2020-09-10T12:01:58Z,68472-130,Georges,Babbidge
lmaffinicx@npr.org,PURCHASED,2020-10-24T21:31:00Z,0409-1890,Leone,Maffini
djulliancy@jugem.jp,SAVED,2020-12-23T11:04:10Z,41167-0242,Denna,Jullian
tocaheycz@businessinsider.com,SAVED,2021-01-15T17:08:16Z,62011-0017,Terry,O'Cahey
vbisacred0@issuu.com,PURCHASED,2020-11-18T17:07:05Z,67296-0016,Vasilis,Bisacre
tduckerind1@ask.com,SAVED,2020-11-18T13:03:05Z,0113-0660,Thorstein,Duckerin
ciannellod2@feedburner.com,PURCHASED,2020-12-16T19:56:15Z,59800-8001,Carlin,Iannello
lclanceyd3@oakley.com,ACTIVE,2020-09-01T09:01:32Z,64117-286,Lois,Clancey
hlesekd4@gizmodo.com,ACTIVE,2021-03-22T21:14:23Z,49999-879,Heddi,Lesek
mmarflittd5@people.com.cn,PURCHASED,2021-01-26T21:38:32Z,59676-562,Meryl,Marflitt
abarthelemyd6@pen.io,ACTIVE,2021-01-13T04:19:11Z,50066-080,Andonis,Barthelemy
cmcglashand7@bbc.co.uk,ACTIVE,2021-04-04T16:50:27Z,51079-931,Cornie,McGlashan
bsartind8@behance.net,PURCHASED,2021-02-16T08:30:08Z,68788-9433,Brnaby,Sartin
wcowdrayd9@who.int,ACTIVE,2021-02-17T01:43:57Z,62185-0006,Wenona,Cowdray
ssedworthda@noaa.gov,ACTIVE,2020-12-23T01:29:09Z,65044-1297,Shaun,Sedworth
ddytondb@pagesperso-orange.fr,ACTIVE,2021-02-22T22:35:56Z,13537-294,Dawna,Dyton
gostdc@webs.com,ACTIVE,2020-11-27T20:32:41Z,0113-0896,Grant,Ost
savendd@jugem.jp,SAVED,2020-09-25T18:54:08Z,48951-5049,Shell,Aven
fhowelde@blogspot.com,PURCHASED,2020-11-05T14:59:33Z,54868-3137,Farlay,Howel
vmoggandf@technorati.com,SAVED,2021-03-20T19:37:49Z,30142-340,Vevay,Moggan
lleavrydg@deliciousdays.com,PURCHASED,2021-01-31T17:47:08Z,0517-0960,Lilias,Leavry
zeddollsdh@lycos.com,ACTIVE,2021-02-22T14:24:23Z,36800-070,Zia,Eddolls
dhrachovecdi@apple.com,SAVED,2020-10-10T14:13:56Z,62175-442,Davina,Hrachovec
cstennarddj@csmonitor.com,SAVED,2020-10-31T03:47:32Z,60505-7007,Cecil,Stennard
fpierrodk@friendfeed.com,ACTIVE,2020-10-14T12:49:04Z,33261-116,Fairleigh,Pierro
migglesdendl@bloglovin.com,SAVED,2020-09-15T19:00:34Z,33261-811,Mellicent,Igglesden
cgoodfellowdm@omniture.com,SAVED,2021-04-01T21:56:40Z,55154-5469,Cindie,Goodfellow
aarentsdn@indiegogo.com,SAVED,2020-12-02T03:04:06Z,14783-602,Arnie,Arents
dchallissdo@cargocollective.com,PURCHASED,2020-10-31T23:32:23Z,51079-436,Derry,Challiss
mcamilidp@netvibes.com,SAVED,2020-09-29T11:58:50Z,0135-0555,Marybeth,Camili
cburbudgedq@prlog.org,SAVED,2020-12-04T10:52:49Z,55316-194,Carie,Burbudge
gchetterdr@mozilla.com,PURCHASED,2020-09-03T07:27:39Z,55289-224,Grant,Chetter
aladends@sogou.com,PURCHASED,2021-03-23T19:45:50Z,51285-081,Alvina,Laden
sspeechlydt@answers.com,SAVED,2021-03-08T22:48:01Z,52544-248,Sanderson,Speechly
egoakesdu@boston.com,ACTIVE,2020-09-03T12:28:36Z,35000-008,Ezekiel,Goakes
fivanshintsevdv@mail.ru,PURCHASED,2020-11-01T06:55:57Z,63187-064,Fianna,Ivanshintsev
selmerdw@howstuffworks.com,ACTIVE,2020-10-14T16:36:07Z,76420-744,Stafford,Elmer
mdannettdx@ovh.net,PURCHASED,2021-04-04T13:58:21Z,58593-275,Malachi,Dannett
mhambrookdy@auda.org.au,ACTIVE,2020-11-06T03:01:06Z,0185-0215,Maria,Hambrook
rscarddz@elpais.com,PURCHASED,2020-09-12T04:46:28Z,55316-001,Rosene,Scard
npetersene0@mit.edu,PURCHASED,2020-09-21T03:41:45Z,53499-5161,Natalee,Petersen
alindstrome1@addthis.com,SAVED,2021-01-17T07:14:06Z,36987-2796,Alejoa,Lindstrom
rcranstoune2@hao123.com,PURCHASED,2020-10-23T07:00:45Z,54868-4705,Rory,Cranstoun
cteaseye3@edublogs.org,PURCHASED,2021-01-05T09:02:58Z,60505-3277,Currey,Teasey
emacmeartye4@barnesandnoble.com,SAVED,2021-04-27T04:28:13Z,59535-6401,Emiline,MacMearty
jpittolie5@census.gov,SAVED,2021-02-25T08:37:25Z,36800-490,Janina,Pittoli
rblakistone6@unblog.fr,ACTIVE,2021-04-18T07:36:12Z,0179-0068,Ruth,Blakiston
ssplavene7@biglobe.ne.jp,ACTIVE,2021-02-22T08:35:10Z,0173-0518,Sonja,Splaven
ghindenbergere8@godaddy.com,SAVED,2020-09-26T18:35:06Z,49614-647,Gustaf,Hindenberger
rfergusone9@rambler.ru,PURCHASED,2020-09-11T07:28:54Z,11822-0850,Rachel,Ferguson
flowtonea@opera.com,PURCHASED,2021-01-21T09:54:27Z,37808-133,Florance,Lowton
mbrehaulteb@economist.com,PURCHASED,2021-04-26T06:33:19Z,0169-7205,Merrily,Brehault
dmoffetec@networkadvertising.org,ACTIVE,2020-12-05T03:32:42Z,36987-1804,Daisey,Moffet
fceelyed@dagondesign.com,SAVED,2021-03-31T17:40:56Z,55711-070,Flss,Ceely
mvaggee@spiegel.de,ACTIVE,2020-10-13T06:28:46Z,61601-1127,Marco,Vagg
schiplenef@usa.gov,SAVED,2021-02-08T23:39:41Z,37205-680,Starlin,Chiplen
mmckellocheg@4shared.com,PURCHASED,2020-10-21T17:07:46Z,55910-214,Mendy,McKelloch
clecornueh@biblegateway.com,ACTIVE,2020-09-13T15:20:38Z,16729-081,Chilton,Le Cornu
ykearfordei@adobe.com,SAVED,2021-01-10T17:38:25Z,36800-432,Yolane,Kearford
oclewsej@taobao.com,SAVED,2020-12-10T06:41:22Z,55910-013,Ortensia,Clews
meltringhamek@blogger.com,ACTIVE,2020-12-29T08:49:13Z,68462-105,Moishe,Eltringham
bpooreel@npr.org,SAVED,2020-11-02T17:27:12Z,36987-3270,Brianne,Poore
mcowanem@pbs.org,SAVED,2021-04-03T02:40:44Z,65517-0026,Martica,Cowan
glinzeeen@jalbum.net,SAVED,2021-02-16T18:58:47Z,64942-1168,Gates,Linzee
astanleyeo@mashable.com,PURCHASED,2020-10-15T20:44:53Z,68745-2016,Arlan,Stanley
asapeyep@163.com,PURCHASED,2021-01-07T02:00:25Z,76329-3011,Atalanta,Sapey
rambresineq@dyndns.org,SAVED,2021-04-08T03:32:41Z,51808-126,Rozalie,Ambresin
hbelchamer@pinterest.com,PURCHASED,2020-10-14T03:58:48Z,55319-241,Hannah,Belcham
chedylstonees@theatlantic.com,PURCHASED,2020-11-02T16:29:55Z,42806-013,Charita,Hedylstone
mwhittleseyet@google.de,PURCHASED,2021-03-31T12:33:26Z,57520-0088,Margy,Whittlesey
kheinritzeu@parallels.com,PURCHASED,2021-01-31T20:24:52Z,43419-501,Kata,Heinritz
cbarnetev@sciencedaily.com,PURCHASED,2020-09-24T15:15:31Z,58503-032,Cherin,Barnet
glownesew@ow.ly,PURCHASED,2020-09-09T12:32:32Z,0487-9701,Gayle,Lownes
ployex@facebook.com,SAVED,2020-10-02T22:18:28Z,48951-1171,Perrine,Loy
glehouxey@deviantart.com,ACTIVE,2020-12-21T22:20:01Z,55648-927,Gaby,Le Houx
kvenningsez@independent.co.uk,PURCHASED,2021-03-13T18:41:02Z,54868-4969,Kore,Vennings
croelsf0@spotify.com,SAVED,2020-10-20T07:04:42Z,54868-4740,Claretta,Roels
dtomlinsonf1@opensource.org,ACTIVE,2021-01-23T09:41:09Z,60760-009,Durand,Tomlinson
lhaydenf2@webnode.com,ACTIVE,2020-09-29T06:34:46Z,50181-0009,Lissie,Hayden
mdenef3@msu.edu,SAVED,2021-01-28T19:58:41Z,55253-071,Marysa,Dene
cminguetf4@nationalgeographic.com,ACTIVE,2021-03-03T03:29:08Z,12546-165,Cyndia,Minguet
fcartmerf5@ow.ly,PURCHASED,2021-01-19T11:18:14Z,36987-2986,Florinda,Cartmer
jmccomishf6@psu.edu,PURCHASED,2021-02-16T20:08:22Z,43857-0241,Jillane,McComish
erycraftf7@whitehouse.gov,SAVED,2020-11-23T00:59:58Z,63629-3021,Emiline,Rycraft
bmccloughlinf8@prlog.org,PURCHASED,2021-01-15T10:31:46Z,59279-502,Belle,McCloughlin
jbernoletf9@nasa.gov,PURCHASED,2021-01-01T14:10:10Z,36987-2605,Jacquetta,Bernolet
fmaynefa@alexa.com,PURCHASED,2021-04-14T23:14:39Z,53590-104,Felipa,Mayne
sheynenfb@indiegogo.com,SAVED,2020-09-27T11:58:28Z,0121-1762,Sheilakathryn,Heynen
yjenkfc@skyrock.com,ACTIVE,2021-04-28T15:36:01Z,50383-804,Yolanthe,Jenk
glesmondefd@reverbnation.com,SAVED,2020-10-29T13:49:48Z,13537-295,Giustino,Lesmonde
sfeldmanfe@phpbb.com,SAVED,2020-10-05T00:07:25Z,54593-001,Stacia,Feldman
tchadbourneff@about.com,ACTIVE,2020-09-26T00:53:32Z,61300-0001,Tammi,Chadbourne
nmacilraithfg@independent.co.uk,PURCHASED,2020-10-27T04:05:19Z,53145-005,Noel,MacIlraith
aevertonfh@is.gd,PURCHASED,2020-10-10T18:43:42Z,34645-2608,Atlanta,Everton
gbotterillfi@hc360.com,ACTIVE,2021-03-17T08:37:22Z,45802-918,Gerhardt,Botterill
jlaxenfj@skyrock.com,ACTIVE,2020-10-21T03:22:58Z,68387-340,Jordain,Laxen
eclausenfk@github.io,SAVED,2021-01-04T20:54:46Z,49999-992,Elizabeth,Clausen
amaccarifl@facebook.com,PURCHASED,2020-12-13T08:57:25Z,61919-483,Allison,Maccari
kzoellnerfm@list-manage.com,PURCHASED,2020-12-26T11:06:28Z,63029-733,Karlene,Zoellner
bhansmanfn@photobucket.com,ACTIVE,2020-10-04T06:21:33Z,64942-1262,Boone,Hansman
fbraamfo@tmall.com,ACTIVE,2021-01-24T12:25:07Z,0363-0917,Francois,Braam
asoignefp@nymag.com,ACTIVE,2021-04-08T12:54:47Z,0703-7013,Agustin,Soigne
mgillinghamsfq@businesswire.com,PURCHASED,2021-04-04T17:51:14Z,52125-067,Magnum,Gillinghams
jtrittamfr@yale.edu,ACTIVE,2020-11-21T08:06:04Z,50419-253,Jobi,Trittam
dflaunefs@photobucket.com,SAVED,2020-11-26T19:35:25Z,16477-306,Darcie,Flaune
pmiebesft@stanford.edu,SAVED,2020-11-02T07:11:04Z,0087-2876,Pail,Miebes
cflipekfu@51.la,SAVED,2020-11-01T22:37:56Z,49035-004,Carly,Flipek
irenfieldfv@moonfruit.com,PURCHASED,2021-04-03T15:55:33Z,58892-911,Ichabod,Renfield
bponcefordfw@vinaora.com,SAVED,2020-11-24T10:42:12Z,10685-520,Basil,Ponceford
atemlettfx@seesaa.net,ACTIVE,2021-05-02T10:27:38Z,66975-425,Austina,Temlett
omacgaheyfy@icio.us,SAVED,2021-02-18T04:43:06Z,42361-032,Orren,MacGahey
hdriverfz@economist.com,ACTIVE,2021-02-26T15:51:28Z,36987-2760,Hernando,Driver
acornelisg0@weibo.com,PURCHASED,2021-02-01T20:19:20Z,67046-016,Ambrosio,Cornelis
lfreeborng1@scribd.com,SAVED,2021-01-02T17:10:04Z,54868-4568,Layne,Freeborn
achaseng2@nifty.com,PURCHASED,2020-10-05T21:24:21Z,49349-009,Althea,Chasen
banespieg3@cyberchimps.com,PURCHASED,2020-12-15T16:07:21Z,0591-5557,Beret,Anespie
sduckersg4@ebay.co.uk,ACTIVE,2021-01-18T00:35:56Z,67684-5505,Selestina,Duckers
cpeaseeg5@arstechnica.com,PURCHASED,2021-04-26T09:48:05Z,0615-3544,Coleen,Peasee
kburndredg6@mysql.com,SAVED,2020-11-22T11:04:41Z,13537-001,Klemens,Burndred
rthreaderg7@ibm.com,ACTIVE,2021-02-18T13:59:01Z,0603-1161,Rosamond,Threader
rovendong8@army.mil,SAVED,2020-09-22T10:04:22Z,10370-214,Roth,Ovendon
buccellig9@free.fr,ACTIVE,2020-09-13T05:54:31Z,52125-110,Briny,Uccelli
lmolanga@bloglovin.com,PURCHASED,2021-03-04T00:48:27Z,63621-354,Leora,Molan
vvalentinegb@etsy.com,PURCHASED,2020-09-15T17:54:22Z,41520-100,Vernen,Valentine
hspyvyegc@google.cn,PURCHASED,2020-09-09T00:53:05Z,36987-2958,Hadria,Spyvye
bfugegd@webnode.com,SAVED,2021-03-06T14:29:28Z,68405-078,Bernette,Fuge
bbensonge@issuu.com,PURCHASED,2020-12-21T22:35:35Z,55154-9379,Bobbie,Benson
ihatzargf@gov.uk,PURCHASED,2020-10-11T12:15:57Z,55111-695,Inessa,Hatzar
nbazekgg@goodreads.com,SAVED,2020-10-14T12:26:01Z,35356-801,Nichol,Bazek
cmapledorumgh@bandcamp.com,PURCHASED,2021-03-21T12:57:43Z,61296-003,Cly,Mapledorum
hhurburtgi@usda.gov,ACTIVE,2021-04-13T00:51:46Z,37808-208,Horacio,Hurburt
gocrottygj@example.com,ACTIVE,2020-10-12T19:16:39Z,0008-2001,Gordon,O'Crotty
dbonairegk@merriam-webster.com,ACTIVE,2021-02-17T01:26:51Z,64942-1322,Dolorita,Bonaire
hmaevelagl@scribd.com,SAVED,2021-03-16T14:34:47Z,66382-446,Hagan,Maevela
craubenheimgm@cbslocal.com,PURCHASED,2021-04-07T08:52:50Z,50458-197,Currie,Raubenheim
tmullindergn@illinois.edu,SAVED,2021-02-09T16:54:25Z,68788-9513,Tudor,Mullinder
jwlochgo@fda.gov,ACTIVE,2020-11-28T18:49:48Z,60760-361,Juli,Wloch
kdulakegp@ameblo.jp,PURCHASED,2021-03-10T19:54:56Z,36987-3112,Kelvin,Dulake
mbeagangq@desdev.cn,SAVED,2021-03-28T02:48:05Z,63289-001,Magnum,Beagan
mcupittgr@jugem.jp,SAVED,2021-04-24T08:33:50Z,0074-4378,Mendel,Cupitt
pludmangs@canalblog.com,PURCHASED,2020-11-30T22:07:04Z,64125-135,Perice,Ludman
swhildegt@unblog.fr,ACTIVE,2021-04-10T23:25:05Z,0121-0544,Samson,Whilde
ehoveygu@psu.edu,ACTIVE,2021-04-24T09:47:32Z,55154-6281,Emmit,Hovey
ldulakegv@pen.io,PURCHASED,2020-12-31T18:53:57Z,51079-768,Langston,Dulake
kspriggingw@yolasite.com,SAVED,2020-10-14T02:58:26Z,36987-2367,Kenny,Spriggin
dskeagx@vistaprint.com,PURCHASED,2021-04-02T03:40:23Z,61715-104,Durante,Skea
crunseygy@bloglines.com,ACTIVE,2020-09-15T14:11:38Z,42507-839,Chadwick,Runsey
ijaffreygz@paypal.com,PURCHASED,2020-09-08T17:23:26Z,16590-416,Irena,Jaffrey
jelcombh0@whitehouse.gov,PURCHASED,2020-12-27T08:12:31Z,0006-0537,Janka,Elcomb
bbalesh1@stumbleupon.com,PURCHASED,2020-09-24T18:54:47Z,30142-724,Barr,Bales
etuleyh2@google.cn,ACTIVE,2021-03-05T21:04:31Z,60691-114,Emilia,Tuley
jbernasekh3@livejournal.com,PURCHASED,2020-10-28T04:40:42Z,0603-0524,Janeta,Bernasek
aellsonh4@free.fr,ACTIVE,2021-03-18T22:26:25Z,75990-968,Alexandr,Ellson
mpembertonh5@marketwatch.com,PURCHASED,2020-09-03T03:48:59Z,51079-872,Mike,Pemberton
rstquintinh6@miitbeian.gov.cn,SAVED,2020-10-14T05:07:11Z,0615-1569,Ricca,St. Quintin
vbartolomeottih7@etsy.com,ACTIVE,2020-12-19T10:04:44Z,0363-0560,Vina,Bartolomeotti
ehoultonh8@latimes.com,PURCHASED,2020-12-28T19:58:37Z,42507-113,Elenore,Houlton
aspratth9@yahoo.com,PURCHASED,2020-09-13T13:31:28Z,0615-7839,Armstrong,Spratt
mroyleha@nature.com,PURCHASED,2021-02-05T09:23:40Z,44911-0009,Martino,Royle
giacapuccihb@state.gov,PURCHASED,2021-03-24T02:20:50Z,65601-752,Gratiana,Iacapucci
ccarlinohc@vimeo.com,ACTIVE,2021-04-19T12:52:52Z,43419-019,Carolann,Carlino
ekeenorhd@163.com,ACTIVE,2020-12-19T01:15:40Z,11410-607,Estelle,Keenor
jscutchingshe@fastcompany.com,ACTIVE,2021-04-20T08:50:36Z,55289-073,Jeane,Scutchings
plackneyhf@vk.com,ACTIVE,2021-01-18T03:24:06Z,0904-5905,Pernell,Lackney
hjointhg@symantec.com,SAVED,2021-01-19T10:18:57Z,63739-452,Hanan,Joint
ccasfordhh@pagesperso-orange.fr,PURCHASED,2020-11-27T22:21:57Z,50268-695,Celestyna,Casford
divanitsahi@latimes.com,ACTIVE,2020-12-10T06:06:50Z,43742-0494,Dianna,Ivanitsa
kosculleyhj@msu.edu,ACTIVE,2020-10-13T00:53:41Z,0440-1617,Klarrisa,O'Sculley
bcripwellhk@comsenz.com,SAVED,2021-01-28T05:41:52Z,63739-283,Beverly,Cripwell
rseczykhl@google.ru,PURCHASED,2021-03-29T01:46:45Z,55648-922,Roze,Seczyk
zcunniamhm@mayoclinic.com,SAVED,2020-10-17T02:57:36Z,0268-1117,Zelda,Cunniam
mmontrosehn@nba.com,SAVED,2020-10-18T11:06:27Z,59746-284,Milly,Montrose
pcoopho@hp.com,ACTIVE,2021-04-29T21:36:38Z,54868-1949,Polly,Coop
rlongrigghp@elegantthemes.com,SAVED,2020-09-09T04:28:16Z,63629-3632,Rolland,Longrigg
cpinkehq@dailymotion.com,PURCHASED,2020-09-23T09:28:56Z,36987-2386,Consalve,Pinke
cpaginhr@cisco.com,PURCHASED,2020-09-04T09:33:52Z,54868-5397,Carlotta,Pagin
hhannawayhs@phpbb.com,PURCHASED,2020-10-24T12:57:05Z,47219-203,Hendrik,Hannaway
ewheeldonht@w3.org,ACTIVE,2020-11-09T01:59:52Z,16110-111,Estelle,Wheeldon
msykorahu@altervista.org,ACTIVE,2021-04-11T16:09:55Z,21695-865,Margie,Sykora
bkighlyhv@timesonline.co.uk,ACTIVE,2020-12-16T17:54:27Z,55926-0019,Brinn,Kighly
ecawtheryhw@ning.com,PURCHASED,2020-11-23T22:50:17Z,41520-461,Ellie,Cawthery
rgrimmerthx@chron.com,SAVED,2020-12-08T07:21:50Z,66993-942,Robers,Grimmert
mbewsheahy@topsy.com,SAVED,2020-11-03T11:53:55Z,11822-1406,Mamie,Bewshea
karnaldihz@cargocollective.com,SAVED,2020-12-08T15:14:04Z,11822-2203,Klara,Arnaldi
asawelli0@themeforest.net,PURCHASED,2021-01-27T07:58:08Z,60432-613,Ambros,Sawell
bcleeveri1@illinois.edu,SAVED,2020-09-28T21:31:20Z,0781-1079,Bernardine,Cleever
abergstrandi2@dell.com,PURCHASED,2020-11-30T07:41:10Z,16590-276,Alma,Bergstrand
kbrummitti3@youku.com,ACTIVE,2020-09-07T21:08:53Z,53808-0960,Karrah,Brummitt
flappinei4@time.com,ACTIVE,2020-10-13T09:04:42Z,16590-050,Florrie,Lappine
cwoodthorpei5@ft.com,ACTIVE,2021-05-02T07:30:18Z,52125-775,Celia,Woodthorpe
kboreri6@oracle.com,PURCHASED,2020-11-13T01:23:36Z,41163-647,Kakalina,Borer
smewisi7@opensource.org,PURCHASED,2020-09-04T10:14:16Z,51079-514,Selie,Mewis
cbradnicki8@arstechnica.com,ACTIVE,2021-04-20T02:08:48Z,36987-1814,Carline,Bradnick
gbowmani9@wiley.com,PURCHASED,2021-02-12T02:17:21Z,68693-012,Gilberte,Bowman
feverleighia@latimes.com,PURCHASED,2021-01-11T22:30:54Z,17089-408,Francoise,Everleigh
wabrashkinib@bigcartel.com,SAVED,2020-12-07T15:33:36Z,44183-401,Whitaker,Abrashkin
cbullieric@bbb.org,PURCHASED,2020-09-19T06:51:13Z,66854-006,Che,Bullier
debbinsid@google.es,PURCHASED,2021-03-25T13:09:26Z,63354-300,Dorena,Ebbins
nerskineie@odnoklassniki.ru,ACTIVE,2021-05-01T12:04:25Z,68788-9797,Niccolo,Erskine
mdadyif@youtu.be,ACTIVE,2021-01-10T05:50:58Z,46672-642,Marcellus,Dady
bgueig@yale.edu,PURCHASED,2021-04-11T09:37:09Z,17856-4069,Bobbette,Gue
cosherinih@flavors.me,ACTIVE,2020-09-05T00:19:32Z,63323-296,Cyrille,O'Sherin
gbrideauii@nationalgeographic.com,PURCHASED,2021-04-21T18:53:15Z,0268-6796,Gabrila,Brideau
mcovenyij@google.com,SAVED,2021-03-25T02:43:55Z,60429-073,Mason,Coveny
rsmallsik@cdbaby.com,PURCHASED,2020-11-01T01:13:33Z,75862-008,Rona,Smalls
rthundersil@wired.com,ACTIVE,2020-12-03T06:21:14Z,46122-043,Rosa,Thunders
ichaterim@barnesandnoble.com,ACTIVE,2020-11-06T14:39:16Z,54868-4958,Ivy,Chater
cstoddartin@noaa.gov,PURCHASED,2020-11-21T13:10:41Z,24338-852,Clarke,Stoddart
lvealio@cnbc.com,ACTIVE,2021-04-19T07:17:49Z,16252-599,Leodora,Veal
asalleirip@house.gov,ACTIVE,2020-09-24T23:39:17Z,0054-0220,Antonina,Salleir
gbullantiq@icio.us,SAVED,2020-12-26T19:43:38Z,43419-339,Grantley,Bullant
epeair@engadget.com,ACTIVE,2020-10-18T21:55:36Z,55154-5614,Esme,Pea
jblaineyis@cbc.ca,ACTIVE,2021-03-07T05:48:02Z,54868-3103,Jaimie,Blainey
lkilsbyit@creativecommons.org,ACTIVE,2021-02-27T09:28:12Z,43419-860,Loralie,Kilsby
sbinderiu@prnewswire.com,ACTIVE,2021-01-27T09:53:13Z,63739-542,Shirleen,Binder
asherviliv@squarespace.com,PURCHASED,2020-09-07T12:04:27Z,49781-049,Alessandro,Shervil
bbirdseyiw@miitbeian.gov.cn,SAVED,2020-12-03T03:11:48Z,0378-4251,Beryle,Birdsey
rraccioix@cbsnews.com,PURCHASED,2020-09-18T17:34:15Z,36987-1103,Rina,Raccio
lgervaiseiy@bravesites.com,ACTIVE,2021-03-23T10:16:41Z,49973-301,Law,Gervaise
ysawtelliz@paginegialle.it,ACTIVE,2021-01-28T05:16:01Z,17714-011,Yasmeen,Sawtell
mbizleyj0@blogs.com,PURCHASED,2021-03-15T14:50:58Z,50302-320,Midge,Bizley
lferrelij1@histats.com,ACTIVE,2021-04-19T07:31:53Z,57627-160,Lissy,Ferreli
lhambricj2@nba.com,SAVED,2020-10-27T19:30:05Z,0093-5141,Lowrance,Hambric
hjachimiakj3@reverbnation.com,ACTIVE,2021-03-30T09:29:02Z,0378-3030,Hannis,Jachimiak
larensonj4@cloudflare.com,ACTIVE,2021-03-18T05:04:05Z,49852-181,Lidia,Arenson
kholleyj5@nyu.edu,PURCHASED,2021-02-22T00:44:39Z,57664-467,Kathrine,Holley
ahercockj6@techcrunch.com,ACTIVE,2020-11-09T15:22:44Z,58484-200,Agace,Hercock
afarthingj7@goo.gl,PURCHASED,2020-12-12T11:54:24Z,43068-110,Allianora,Farthing
fshinglerj8@ihg.com,ACTIVE,2021-04-28T23:56:44Z,52685-423,Flora,Shingler
gplainj9@un.org,ACTIVE,2021-02-17T02:01:41Z,30142-923,Guenevere,Plain
mgrelakja@bluehost.com,ACTIVE,2021-02-22T11:50:06Z,50458-587,Mandie,Grelak
hloveardjb@arizona.edu,SAVED,2020-10-08T12:28:32Z,69152-0073,Hailey,Loveard
tdignanjc@redcross.org,ACTIVE,2020-09-17T05:02:11Z,60512-1031,Tabb,Dignan
amarkejd@trellian.com,ACTIVE,2021-02-10T17:40:11Z,50268-330,Alfred,Marke
hdyerje@elpais.com,ACTIVE,2021-01-03T02:48:03Z,67544-276,Hanan,Dyer
fcostelloejf@vk.com,SAVED,2021-02-08T19:59:55Z,47682-257,Farra,Costelloe
gfetherbyjg@pbs.org,SAVED,2021-03-11T13:38:29Z,43742-0242,Goldie,Fetherby
ftisunjh@ebay.com,PURCHASED,2020-10-07T02:33:39Z,54575-445,Ferdie,Tisun
jdollarji@cisco.com,PURCHASED,2021-01-29T11:50:59Z,76151-217,Jacquelynn,Dollar
pgrzesjj@epa.gov,ACTIVE,2020-11-02T18:36:06Z,48951-1102,Philbert,Grzes
nwickendenjk@apple.com,SAVED,2021-01-15T14:49:51Z,59985-101,Nobie,Wickenden
gcorderjl@slate.com,PURCHASED,2020-11-16T20:39:01Z,43742-0379,Goldina,Corder
sbeilbyjm@usatoday.com,PURCHASED,2020-10-23T05:03:09Z,58411-231,Somerset,Beilby
hnorthalljn@comcast.net,ACTIVE,2021-03-19T09:32:35Z,48951-8207,Hymie,Northall
fcrosfieldjo@discuz.net,SAVED,2020-09-19T13:19:21Z,53346-1316,Ford,Crosfield
pstothartjp@reddit.com,ACTIVE,2020-09-04T17:56:54Z,63323-229,Putnam,Stothart
cgrizardjq@amazonaws.com,SAVED,2021-01-25T09:44:55Z,25021-127,Claire,Grizard
bboxhilljr@umn.edu,ACTIVE,2021-02-25T21:51:38Z,63645-111,Brandy,Boxhill
rgilliardjs@rakuten.co.jp,ACTIVE,2020-09-21T02:56:10Z,62742-4048,Ronni,Gilliard
brodolphejt@constantcontact.com,PURCHASED,2021-03-26T16:16:58Z,51655-051,Bobinette,Rodolphe
rgerdingju@ehow.com,PURCHASED,2021-01-06T12:16:02Z,0143-9930,Rhianna,Gerding
pduffettjv@jiathis.com,ACTIVE,2021-03-05T07:48:19Z,36987-1956,Piotr,Duffett
callibertonjw@artisteer.com,PURCHASED,2020-09-01T21:24:59Z,67046-125,Coleman,Alliberton
jpertjx@stanford.edu,ACTIVE,2020-12-16T11:13:53Z,64778-0373,Jose,Pert
delsomjy@sina.com.cn,SAVED,2021-01-26T09:41:04Z,68327-038,Derick,Elsom
mlomathjz@gizmodo.com,PURCHASED,2021-03-12T18:22:53Z,36987-2095,Minni,Lomath
eallikerk0@blog.com,ACTIVE,2021-03-27T08:55:06Z,53808-0277,Elene,Alliker
evlachk1@kickstarter.com,SAVED,2020-09-18T05:12:00Z,10736-001,Etty,Vlach
mblazak2@army.mil,PURCHASED,2021-01-20T18:54:06Z,64616-091,Mylo,Blaza
ssyalvesterk3@dion.ne.jp,ACTIVE,2020-12-21T03:28:53Z,51004-0053,Stanislaus,Syalvester
dreilingerk4@ebay.com,PURCHASED,2020-11-11T23:06:14Z,59088-856,Doralynne,Reilinger
kvanderkruisk5@over-blog.com,ACTIVE,2021-03-22T08:49:31Z,0904-0430,Kanya,Van der Kruis
lsedgebeerk6@apache.org,PURCHASED,2020-11-29T09:44:39Z,63548-4001,Laurie,Sedgebeer
vsegerk7@engadget.com,PURCHASED,2020-09-21T04:41:39Z,49288-0402,Vite,Seger
imenguek8@devhub.com,ACTIVE,2020-11-09T04:18:47Z,36987-3093,Isadore,Mengue
klangrickk9@is.gd,ACTIVE,2020-09-15T13:07:21Z,60512-6161,Kaylil,Langrick
mplesterka@google.com.au,ACTIVE,2020-10-22T05:01:35Z,0904-5679,Madeleine,Plester
shathornkb@google.pl,SAVED,2021-03-16T11:47:11Z,51079-657,Suzann,Hathorn
mwathallkc@ed.gov,ACTIVE,2020-09-18T06:20:01Z,11673-264,Maureen,Wathall
mkaeskd@time.com,ACTIVE,2021-03-27T23:55:33Z,50544-005,Marji,Kaes
gtroddke@tumblr.com,SAVED,2020-09-26T02:57:27Z,57520-0260,Gasparo,Trodd
cpatriakf@theguardian.com,SAVED,2021-04-24T20:00:17Z,0087-6074,Coletta,Patria
btolankg@wordpress.org,PURCHASED,2020-11-24T06:29:41Z,0955-1021,Brenda,Tolan
brougekh@forbes.com,ACTIVE,2020-12-22T19:05:02Z,62007-104,Barnabas,Rouge
brandalki@list-manage.com,PURCHASED,2021-03-03T15:29:25Z,67296-0618,Brant,Randal
lcattermoulkj@bizjournals.com,ACTIVE,2021-04-26T12:16:16Z,52584-916,Lorrie,Cattermoul
rcowlamkk@usnews.com,ACTIVE,2021-04-17T10:33:26Z,49349-402,Rose,Cowlam
suptonkl@hao123.com,ACTIVE,2021-04-04T06:58:01Z,63354-931,Sarine,Upton
droyanskm@canalblog.com,SAVED,2021-01-27T21:06:29Z,57913-2900,Dorrie,Royans
dfalconbridgekn@netvibes.com,SAVED,2020-09-04T20:38:56Z,55154-5986,Dallon,Falconbridge
eheinschkeko@delicious.com,ACTIVE,2021-01-06T21:35:44Z,51785-866,Em,Heinschke
dbolsteridgekp@phoca.cz,PURCHASED,2020-10-01T03:13:33Z,57237-061,Danya,Bolsteridge
pjordinkq@rambler.ru,SAVED,2021-04-24T15:55:40Z,64220-421,Prisca,Jordin
lcovolinikr@technorati.com,ACTIVE,2021-03-19T18:03:44Z,0378-1132,Loraine,Covolini
ljanoutks@typepad.com,SAVED,2020-12-04T00:18:26Z,0615-7685,Leicester,Janout
ysantorokt@discovery.com,PURCHASED,2021-01-30T03:30:30Z,68788-9933,Yorker,Santoro
hmeaseyku@salon.com,SAVED,2020-11-02T02:32:08Z,42912-0152,Harlen,Measey
rmccathaykv@diigo.com,PURCHASED,2021-02-28T04:56:39Z,36800-109,Rakel,McCathay
jledfordkw@sphinn.com,PURCHASED,2021-02-14T10:06:47Z,55910-302,Jenna,Ledford
ggeckskx@nsw.gov.au,PURCHASED,2021-04-05T17:45:23Z,0054-0438,Gearalt,Gecks
cdrinnanky@yolasite.com,PURCHASED,2021-04-01T09:45:30Z,43857-0132,Clark,Drinnan
chartnellkz@fda.gov,ACTIVE,2020-09-14T21:13:49Z,51389-120,Cate,Hartnell
hmelburyl0@unc.edu,ACTIVE,2020-09-29T12:20:30Z,13537-174,Hendrick,Melbury
kleahairl1@plala.or.jp,PURCHASED,2020-10-31T06:40:05Z,0603-5484,Kenyon,Leahair
adillawayl2@nih.gov,PURCHASED,2021-03-21T02:39:23Z,76282-273,Adam,Dillaway
cstanesbyl3@webeden.co.uk,PURCHASED,2021-01-29T18:04:35Z,59779-623,Claudell,Stanesby
cdabnotl4@taobao.com,ACTIVE,2021-04-21T11:15:35Z,43846-0016,Cecilius,Dabnot
rganforthel5@uiuc.edu,ACTIVE,2021-02-03T05:55:55Z,49963-532,Regan,Ganforthe
nslaymakerl6@dropbox.com,ACTIVE,2020-12-25T19:56:04Z,55648-662,Nolana,Slaymaker
gizaksonl7@wikipedia.org,ACTIVE,2021-03-26T23:34:34Z,69244-3001,Gannon,Izakson
jtownbyl8@washingtonpost.com,SAVED,2021-03-18T12:52:59Z,67750-1234,Jude,Townby
sthamesl9@bloomberg.com,PURCHASED,2020-12-21T11:25:35Z,61919-118,Sayres,Thames
bslaughterla@admin.ch,ACTIVE,2020-12-24T22:46:33Z,68703-051,Brnaba,Slaughter
rdonnellb@cbsnews.com,SAVED,2020-10-14T03:26:46Z,55312-162,Rolf,Donnel
amacmichaellc@hao123.com,PURCHASED,2020-11-04T04:31:49Z,55154-7777,Ann-marie,MacMichael
adagwellld@blog.com,SAVED,2020-11-19T15:19:39Z,63148-225,Antonietta,Dagwell
atabbernorle@unicef.org,SAVED,2020-10-04T17:09:49Z,54973-1130,Antonia,Tabbernor
unobleslf@cdc.gov,ACTIVE,2021-03-11T13:46:04Z,49371-030,Ursulina,Nobles
gdosdelllg@yale.edu,PURCHASED,2020-09-24T00:07:26Z,36987-2728,Gery,Dosdell
ksoreaulh@hud.gov,PURCHASED,2020-10-15T10:29:36Z,49999-192,Krishnah,Soreau
tvitlerli@odnoklassniki.ru,SAVED,2021-01-02T15:59:59Z,11822-4601,Tricia,Vitler
rharbererlj@shareasale.com,SAVED,2020-12-13T07:55:09Z,53208-503,Rolfe,Harberer
cbrysonlk@goo.ne.jp,ACTIVE,2021-01-08T13:31:10Z,66715-9733,Cleve,Bryson
rricksonll@dedecms.com,PURCHASED,2021-04-03T22:07:48Z,49527-734,Ruben,Rickson
tshulverlm@taobao.com,ACTIVE,2021-03-14T01:25:09Z,54575-951,Trenna,Shulver
tsprullln@scribd.com,PURCHASED,2020-12-28T21:53:47Z,49035-281,Thalia,Sprull
lpressdeelo@springer.com,SAVED,2021-01-18T17:11:45Z,59970-177,Laurice,Pressdee
oocriganlp@samsung.com,ACTIVE,2021-02-04T05:20:52Z,41190-384,Opal,O'Crigan
mreaveylq@printfriendly.com,ACTIVE,2020-09-15T22:49:18Z,63187-115,Mervin,Reavey
erossbrookelr@omniture.com,SAVED,2021-03-31T16:41:28Z,63941-130,Elvera,Rossbrooke
epearcehousels@cdbaby.com,ACTIVE,2021-01-15T10:18:32Z,36987-3095,Earlie,Pearcehouse
cokelllt@rakuten.co.jp,SAVED,2020-10-10T12:24:57Z,43319-060,Clarey,Okell
slaydellu@goo.gl,PURCHASED,2021-02-20T17:47:28Z,0069-3080,Sarette,Laydel
ggomerylv@buzzfeed.com,SAVED,2020-11-05T13:54:46Z,0409-3401,Grantham,Gomery
adenecamplw@over-blog.com,PURCHASED,2020-11-25T05:12:20Z,21130-412,Ashlin,Denecamp
lspringfordlx@addthis.com,ACTIVE,2020-10-24T15:52:28Z,37808-038,Laverna,Springford
dmilthorpely@nba.com,SAVED,2021-04-19T00:33:58Z,53808-0908,Drew,Milthorpe
okelmerelz@pinterest.com,SAVED,2020-11-12T07:33:45Z,41163-418,Orelie,Kelmere
ejanum0@jigsy.com,SAVED,2021-02-09T23:39:23Z,50436-6607,Erl,Janu
gwiltshearm1@wunderground.com,PURCHASED,2020-10-01T02:42:00Z,64117-287,Gare,Wiltshear
dmassenhovem2@pinterest.com,SAVED,2020-11-08T03:23:14Z,0054-0164,Dalila,Massenhove
njosiahm3@ovh.net,PURCHASED,2021-02-27T03:09:49Z,49884-412,Ninon,Josiah
hshortonm4@networkadvertising.org,SAVED,2020-12-21T23:45:15Z,47682-228,Hendrick,Shorton
bscourgem5@delicious.com,SAVED,2021-04-20T23:14:59Z,13630-0012,Bobette,Scourge
ibargem6@cornell.edu,ACTIVE,2021-03-09T19:15:29Z,57520-0711,Inger,Barge
natterburym7@slate.com,ACTIVE,2020-09-09T13:03:15Z,11673-974,Nanni,Atterbury
bmacmenamym8@dion.ne.jp,ACTIVE,2020-11-18T05:27:36Z,21695-774,Blythe,MacMenamy
eduligallm9@nba.com,PURCHASED,2020-10-09T16:09:03Z,49349-899,Ericha,Duligall
anasseyma@samsung.com,ACTIVE,2020-09-07T17:36:05Z,53145-303,Andrus,Nassey
tlaintonmb@hexun.com,PURCHASED,2020-11-29T11:59:26Z,0268-1111,Tabby,Lainton
bbricketmc@lycos.com,SAVED,2021-01-03T02:56:17Z,55648-661,Belia,Bricket
lfriemd@google.co.uk,ACTIVE,2021-03-27T07:38:12Z,0641-0929,Leonidas,Frie
wgavenme@issuu.com,PURCHASED,2021-03-28T06:53:43Z,49288-0737,Wilt,Gaven
mfarquharsonmf@cbsnews.com,SAVED,2020-12-20T02:28:56Z,0591-0349,Meriel,Farquharson
vsacazemg@godaddy.com,PURCHASED,2021-02-08T10:34:12Z,0904-5590,Valentijn,Sacaze
mfildesmh@washingtonpost.com,ACTIVE,2021-02-04T02:45:11Z,68084-562,Marchelle,Fildes
egonzalvomi@wiley.com,SAVED,2020-12-25T04:08:48Z,49035-892,Eal,Gonzalvo
wcraisfordmj@netscape.com,SAVED,2021-04-01T18:48:58Z,63402-193,Wendel,Craisford
fbennallckmk@yellowbook.com,ACTIVE,2021-01-26T11:54:55Z,0395-1213,Fabian,Bennallck
cstycheml@japanpost.jp,PURCHASED,2020-11-22T17:59:25Z,68428-151,Cly,Styche
rluckwellmm@springer.com,SAVED,2021-02-04T18:14:10Z,98132-172,Reggy,Luckwell
bseyffertmn@jalbum.net,ACTIVE,2020-09-14T17:04:04Z,0093-4404,Brade,Seyffert
bbirdwhistlemo@stanford.edu,SAVED,2020-12-18T14:02:57Z,0264-3155,Bernie,Birdwhistle
moxenburymp@pinterest.com,PURCHASED,2020-11-15T22:06:04Z,54973-7508,Marybeth,Oxenbury
csandyfirthmq@creativecommons.org,PURCHASED,2021-01-17T13:39:57Z,55154-5483,Chase,Sandyfirth
aboakemr@cbslocal.com,ACTIVE,2020-09-02T20:58:04Z,54575-326,Annelise,Boake
jmckewms@diigo.com,SAVED,2020-10-02T23:15:07Z,42627-218,Jared,McKew
rgoutmt@topsy.com,PURCHASED,2021-04-08T11:56:48Z,43269-843,Rhiamon,Gout
kaylmoremu@posterous.com,PURCHASED,2020-11-27T11:56:09Z,49702-208,Kalina,Aylmore
gbohdenmv@nydailynews.com,ACTIVE,2021-04-27T03:09:30Z,0409-6780,Ginelle,Bohden
kpestermw@csmonitor.com,PURCHASED,2020-09-11T22:54:10Z,57344-098,Karyl,Pester
cguisemx@wix.com,PURCHASED,2021-01-09T04:42:36Z,65862-199,Coretta,Guise
tlivingstonmy@ezinearticles.com,SAVED,2020-09-19T10:22:03Z,0023-7824,Torey,Livingston
stzarkovmz@state.gov,SAVED,2020-10-30T22:38:36Z,68570-704,Silvana,Tzarkov
ualeksidzen0@nymag.com,ACTIVE,2020-10-11T08:03:44Z,35356-660,Ursula,Aleksidze
djentetn1@google.it,ACTIVE,2021-04-24T02:31:26Z,54973-2900,Darnell,Jentet
rkubyszekn2@gov.uk,SAVED,2021-01-11T19:56:04Z,0003-2188,Ralf,Kubyszek
vfernandesn3@digg.com,SAVED,2021-03-07T09:56:39Z,49999-249,Viola,Fernandes
gbrittenn4@istockphoto.com,SAVED,2020-09-20T16:27:28Z,63255-030,Gates,Britten
hchaperlingn5@wired.com,SAVED,2020-12-12T16:44:38Z,48951-7018,Hannis,Chaperling
sissacofn6@naver.com,PURCHASED,2020-12-11T05:23:10Z,24338-853,Shanna,Issacof
gtonkinn7@4shared.com,SAVED,2020-09-16T20:48:46Z,25021-138,Goldina,Tonkin
zstirrupn8@g.co,SAVED,2021-02-26T22:53:12Z,52380-0026,Zelig,Stirrup
fchristescun9@home.pl,SAVED,2020-11-17T08:50:07Z,10544-106,Florry,Christescu
cburlingamena@un.org,PURCHASED,2020-09-12T17:08:27Z,59779-279,Cyrus,Burlingame
tmckellernb@drupal.org,ACTIVE,2021-01-26T01:13:39Z,21749-706,Tatiana,McKeller
aruberrync@lycos.com,SAVED,2021-03-09T22:55:31Z,0283-1886,Ana,Ruberry
bhiskeynd@bravesites.com,PURCHASED,2021-01-09T18:41:16Z,0113-0884,Bobbee,Hiskey
natkinsne@latimes.com,ACTIVE,2021-01-30T12:40:05Z,0409-0810,Nicolina,Atkins
arableaunf@dot.gov,ACTIVE,2021-02-28T14:03:01Z,0268-0119,Aldon,Rableau
ttieng@cloudflare.com,SAVED,2020-11-02T20:44:07Z,0024-0222,Tersina,Tie
mbohlsennh@vkontakte.ru,SAVED,2021-01-31T09:20:21Z,11822-1434,Moll,Bohlsen
bbreaganni@google.com.hk,PURCHASED,2021-03-19T17:58:11Z,54868-4336,Barry,Breagan
sdesortsnj@usgs.gov,ACTIVE,2020-09-21T22:22:56Z,50845-0039,Sheila-kathryn,Desorts
delwellnk@hud.gov,SAVED,2020-11-15T20:38:27Z,0093-0174,Danni,Elwell
lwisniewskinl@about.me,SAVED,2020-12-14T16:34:39Z,68428-736,Leighton,Wisniewski
lpullingernm@newsvine.com,ACTIVE,2021-01-16T20:50:15Z,0406-8958,Lorianne,Pullinger
eraysnn@cbslocal.com,ACTIVE,2020-10-07T08:06:56Z,0574-0850,Emlyn,Rays
rmatelyunasno@imdb.com,ACTIVE,2020-11-18T08:53:52Z,63730-204,Rebekkah,Matelyunas
sglazebrooknp@microsoft.com,SAVED,2020-11-25T19:03:43Z,0363-0484,Savina,Glazebrook
tmccaughrannq@angelfire.com,PURCHASED,2021-04-04T07:18:06Z,63691-009,Trumaine,McCaughran
nvandeveldenr@vk.com,ACTIVE,2021-02-15T18:18:59Z,10544-188,Natka,Van de Velde
dghentns@sbwire.com,SAVED,2020-12-28T14:13:09Z,54569-5227,Dwain,Ghent
dhazzardnt@biglobe.ne.jp,ACTIVE,2021-01-04T17:50:20Z,0228-2348,Dorella,Hazzard
kdaudraynu@paginegialle.it,PURCHASED,2021-03-01T23:21:36Z,49681-001,Kaylil,Daudray
ejenckesnv@over-blog.com,ACTIVE,2021-02-20T09:41:14Z,0430-0752,Emerson,Jenckes
pimlochnw@ucsd.edu,ACTIVE,2020-12-23T13:02:08Z,41163-227,Paddie,Imloch
tcattnx@washingtonpost.com,PURCHASED,2020-12-14T12:14:46Z,36987-2282,Tim,Catt
nrodenborchny@utexas.edu,SAVED,2020-11-19T23:04:58Z,48951-8237,Neill,Rodenborch
aspridgeonnz@weebly.com,ACTIVE,2020-10-22T23:01:43Z,37012-735,Alberta,Spridgeon
bgrzeso0@ezinearticles.com,SAVED,2020-09-30T01:43:21Z,54868-4832,Brendan,Grzes
maleavyo1@amazon.co.jp,PURCHASED,2021-03-18T23:27:18Z,49288-0413,Maye,Aleavy
bmccrystalo2@apache.org,ACTIVE,2021-04-09T15:03:41Z,54569-0917,Brigida,McCrystal
nkemero3@ucsd.edu,ACTIVE,2021-03-31T04:33:38Z,53033-007,Nick,Kemer
gdivello4@wix.com,PURCHASED,2020-10-10T12:36:23Z,56062-656,Gawain,Divell
psuthernso5@tripod.com,PURCHASED,2020-11-27T19:11:21Z,22700-137,Paquito,Sutherns
mmonkhouseo6@tripadvisor.com,PURCHASED,2021-04-17T01:21:43Z,0363-0595,Micky,Monkhouse
maldhamo7@moonfruit.com,PURCHASED,2021-03-10T05:44:35Z,58232-0026,Maryanna,Aldham
klarawayo8@blogtalkradio.com,SAVED,2021-02-27T21:39:48Z,0338-0411,Kathryne,Laraway
cwolitero9@instagram.com,SAVED,2021-03-20T01:53:07Z,58118-7355,Clemente,Woliter
vkuhneloa@webeden.co.uk,SAVED,2020-11-16T11:18:34Z,45865-348,Vidovic,Kuhnel
schallinerob@sfgate.com,ACTIVE,2020-09-29T04:48:34Z,52125-298,Shirline,Challiner
jmorbeyoc@noaa.gov,SAVED,2020-10-30T20:36:42Z,0093-5141,Jermaine,Morbey
kpencostod@freewebs.com,ACTIVE,2020-11-18T05:26:43Z,68001-251,Kliment,Pencost
rharronoe@blinklist.com,ACTIVE,2020-10-04T16:57:25Z,55154-7460,Rab,Harron
bcluderayof@google.cn,ACTIVE,2020-09-03T04:28:11Z,47335-537,Bordy,Cluderay
rfarraog@who.int,ACTIVE,2020-12-13T09:53:54Z,0869-0602,Ronni,Farra
radessoh@microsoft.com,ACTIVE,2020-09-29T08:46:50Z,61715-118,Renie,Adess
lkraftoi@feedburner.com,ACTIVE,2020-10-27T06:33:41Z,60681-1214,Lorna,Kraft
awickardtoj@indiegogo.com,ACTIVE,2021-04-13T09:59:54Z,54868-1386,Aron,Wickardt
jbushellok@yandex.ru,PURCHASED,2020-12-05T07:52:03Z,0299-3848,Jecho,Bushell
ovickarsol@ustream.tv,ACTIVE,2020-11-07T10:51:40Z,76125-900,Ofella,Vickars
gsowtenom@nytimes.com,ACTIVE,2020-10-15T02:23:14Z,27437-206,Genna,Sowten
twallaceon@upenn.edu,PURCHASED,2021-02-21T23:01:04Z,50580-779,Tobin,Wallace
xdunkoo@freewebs.com,PURCHASED,2020-09-24T00:25:07Z,48951-1126,Xerxes,Dunk
mtreugeop@stanford.edu,SAVED,2021-01-15T12:42:18Z,49738-715,Maressa,Treuge
gfittalloq@php.net,ACTIVE,2021-03-23T15:06:50Z,65044-5008,Gwyneth,Fittall
lkochlinor@ovh.net,PURCHASED,2020-09-11T06:11:49Z,36987-2273,Leeland,Kochlin
tswaileos@telegraph.co.uk,SAVED,2021-05-02T21:41:59Z,33261-015,Torey,Swaile
wklinkot@umich.edu,SAVED,2021-03-25T23:22:53Z,13537-200,Wallache,Klink
skingscottou@va.gov,PURCHASED,2021-03-02T03:41:35Z,65113-2373,Stanislaus,Kingscott
ohastelowov@cisco.com,ACTIVE,2021-04-30T16:28:14Z,41520-393,Oralle,Hastelow
cpaffettow@i2i.jp,PURCHASED,2021-04-01T16:46:47Z,46122-179,Cherice,Paffett
hwilliscroftox@huffingtonpost.com,SAVED,2020-10-13T14:57:21Z,60760-082,Hildagard,Williscroft
sgrigorushkinoy@reuters.com,SAVED,2020-11-16T23:39:37Z,50017-022,Shaylynn,Grigorushkin
ciacovazzioz@wired.com,SAVED,2021-02-03T11:45:41Z,59779-717,Carolee,Iacovazzi
klevickp0@cbslocal.com,SAVED,2020-09-21T18:59:29Z,67015-0003,Kylila,Levick
jluchellip1@trellian.com,ACTIVE,2021-03-06T22:10:05Z,63629-5138,Jsandye,Luchelli
vblackallerp2@webmd.com,PURCHASED,2020-09-15T23:45:36Z,52125-648,Vernor,Blackaller
misgarp3@chron.com,PURCHASED,2021-02-16T06:52:35Z,53187-199,Mabelle,Isgar
baspelp4@example.com,SAVED,2021-03-30T20:02:06Z,68084-371,Bambi,Aspel
jrootesp5@mashable.com,PURCHASED,2021-03-11T21:15:03Z,67296-0620,Juditha,Rootes
dluppittp6@cnbc.com,SAVED,2021-03-08T11:55:26Z,0143-9888,Dari,Luppitt
jhamilp7@netscape.com,ACTIVE,2020-09-14T04:53:55Z,52959-620,Jenni,Hamil
wwiddowsonp8@earthlink.net,PURCHASED,2020-11-25T09:11:13Z,57520-0554,Wain,Widdowson
tyaakovp9@businessinsider.com,SAVED,2021-02-10T09:18:05Z,0078-0331,Theodosia,Yaakov
jgreenoughpa@jiathis.com,SAVED,2021-04-30T09:27:12Z,60512-6780,Joannes,Greenough
iholhousepb@google.fr,PURCHASED,2020-11-11T11:36:15Z,16590-520,Ingeborg,Holhouse
wlafflinpc@cnn.com,PURCHASED,2020-09-20T05:44:34Z,15127-711,Waneta,Lafflin
etaysbilpd@hubpages.com,SAVED,2021-01-06T12:11:07Z,33992-1063,Elisha,Taysbil
emankorpe@jalbum.net,SAVED,2020-09-19T15:11:20Z,43742-0098,Ella,Mankor
pfydoepf@cafepress.com,ACTIVE,2021-02-18T00:51:58Z,42254-353,Perle,Fydoe
rskainspg@hubpages.com,PURCHASED,2021-02-10T21:37:02Z,51621-011,Rudie,Skains
bcavillph@hc360.com,ACTIVE,2021-04-15T20:46:32Z,64117-967,Birdie,Cavill
ccuskerypi@loc.gov,ACTIVE,2021-01-07T06:34:36Z,43857-0261,Chandler,Cuskery
crollingspj@indiegogo.com,SAVED,2020-10-24T23:14:03Z,55670-602,Corny,Rollings
knussiipk@ebay.com,PURCHASED,2021-03-21T23:29:36Z,37808-416,Kristine,Nussii
adifrancecshipl@bigcartel.com,SAVED,2021-04-25T07:17:43Z,60429-143,Arv,Di Francecshi
fkennonpm@examiner.com,PURCHASED,2021-03-06T03:42:13Z,48951-4054,Felipa,Kennon
cpenkethmanpn@geocities.jp,SAVED,2020-11-25T21:43:22Z,55758-305,Claudia,Penkethman
lwhewellpo@shutterfly.com,ACTIVE,2021-04-25T17:41:47Z,68382-302,Ludovico,Whewell
dtoppinpp@furl.net,ACTIVE,2020-10-28T02:28:27Z,55154-0913,Dallon,Toppin
vzottolipq@marriott.com,PURCHASED,2021-01-11T23:58:37Z,50474-808,Vachel,Zottoli
bdaftorpr@tripadvisor.com,PURCHASED,2021-04-30T06:05:10Z,0115-0511,Bren,Daftor
mshilstoneps@archive.org,PURCHASED,2020-11-19T03:46:17Z,68084-510,Moira,Shilstone
opydcockpt@abc.net.au,ACTIVE,2020-09-21T13:12:08Z,0135-0430,Orran,Pydcock
jhowshippu@nba.com,ACTIVE,2020-09-27T02:47:44Z,0603-2127,Joell,Howship
teglesepv@acquirethisname.com,SAVED,2021-01-15T23:15:59Z,54868-4876,Tandie,Eglese
bprovispw@networkadvertising.org,SAVED,2021-04-24T07:09:26Z,61703-305,Brandea,Provis
btricepx@webeden.co.uk,ACTIVE,2021-03-02T22:30:00Z,58118-7147,Brina,Trice
hbullentpy@indiatimes.com,ACTIVE,2020-11-26T12:34:51Z,36987-3164,Hieronymus,Bullent
bmulvinpz@irs.gov,SAVED,2021-04-27T12:30:04Z,0378-0317,Bartholomew,Mulvin
rtwaiteq0@imdb.com,PURCHASED,2020-12-26T03:09:20Z,44577-711,Ruthy,Twaite
gmaunq1@drupal.org,SAVED,2020-10-06T22:01:57Z,66336-439,Gordon,Maun
gtidboldq2@sciencedaily.com,PURCHASED,2021-04-16T13:37:45Z,15828-310,Grant,Tidbold
hrablenq3@yale.edu,PURCHASED,2021-03-23T05:41:52Z,21695-801,Harp,Rablen
nfumagalliq4@time.com,ACTIVE,2020-09-27T15:30:15Z,54575-145,Nadine,Fumagalli
rburttq5@cornell.edu,PURCHASED,2021-01-05T20:13:01Z,68428-740,Rees,Burtt
sscuttq6@ibm.com,PURCHASED,2021-02-14T11:57:43Z,54868-4358,Sheelah,Scutt
blaylandq7@smugmug.com,PURCHASED,2021-01-02T05:12:58Z,54575-191,Bertha,Layland
kminghiq8@rediff.com,ACTIVE,2021-01-04T15:23:25Z,36987-2299,Kandace,Minghi
ssingsq9@tmall.com,PURCHASED,2020-12-06T07:13:06Z,49349-998,Sheena,Sings
somullenqa@altervista.org,PURCHASED,2021-04-22T16:41:28Z,52380-0101,Silvain,O Mullen
fpikesleyqb@goodreads.com,PURCHASED,2020-10-26T01:29:31Z,52125-484,Ferdinand,Pikesley
mhindenburgqc@cpanel.net,PURCHASED,2021-04-22T14:37:08Z,0363-0919,Marielle,Hindenburg
jlearyqd@weebly.com,ACTIVE,2021-02-05T05:34:31Z,60429-907,Jayson,Leary
shousegoeqe@dyndns.org,PURCHASED,2020-11-11T07:55:05Z,58633-233,Seymour,Housegoe
pbroughtonqf@dagondesign.com,ACTIVE,2021-02-05T18:30:34Z,53808-0622,Prissie,Broughton
sdableqg@addthis.com,ACTIVE,2020-10-11T13:46:33Z,42254-335,Sayer,Dable
amaidstoneqh@eepurl.com,PURCHASED,2020-12-30T23:45:37Z,60429-119,Amber,Maidstone
gmacianqi@nps.gov,ACTIVE,2020-11-28T18:26:22Z,0009-0233,Gradey,MacIan
hkardosqj@moonfruit.com,ACTIVE,2020-09-22T07:47:13Z,65923-807,Harwilll,Kardos
fvoaseqk@mail.ru,ACTIVE,2021-02-15T04:34:27Z,0603-3744,Faythe,Voase
cbachellierql@wp.com,ACTIVE,2020-10-15T07:52:52Z,62646-798,Calv,Bachellier
rsnowballqm@mediafire.com,SAVED,2020-10-31T07:40:27Z,35356-203,Ronnie,Snowball
iboogqn@acquirethisname.com,PURCHASED,2021-03-16T20:26:12Z,55301-556,Isabeau,Boog
kkellardqo@altervista.org,SAVED,2020-09-12T01:42:46Z,0268-6212,Kain,Kellard
rfieldingqp@dmoz.org,PURCHASED,2021-05-01T10:57:57Z,64125-905,Reynolds,Fielding
jpaeckmeyerqq@gov.uk,SAVED,2020-10-03T02:17:42Z,41250-852,Jodie,Paeckmeyer
dkibbeyqr@google.fr,PURCHASED,2021-03-09T17:55:20Z,21695-935,Dal,Kibbey
twestnedgeqs@privacy.gov.au,ACTIVE,2021-03-25T23:31:34Z,16590-056,Tamra,Westnedge
gvasnevqt@smugmug.com,SAVED,2020-12-25T18:21:21Z,54868-4576,Gipsy,Vasnev
zgrishkovqu@sakura.ne.jp,PURCHASED,2020-11-09T05:35:36Z,58668-1361,Zorah,Grishkov
rshippqv@cpanel.net,PURCHASED,2020-09-13T03:22:03Z,11822-0900,Rudolph,Shipp
esearbyqw@nifty.com,ACTIVE,2021-03-09T05:38:26Z,0597-0149,Eartha,Searby
oimmsqx@yandex.ru,SAVED,2020-12-14T09:06:42Z,68084-099,Ollie,Imms
jrollingsqy@reuters.com,ACTIVE,2021-03-21T18:23:01Z,51346-143,Jacki,Rollings
dsmailsqz@nbcnews.com,PURCHASED,2021-03-24T17:23:40Z,60533-003,Drugi,Smails
lbinsteadr0@trellian.com,SAVED,2020-12-19T02:22:17Z,55714-1508,Laurent,Binstead
dedgellerr1@bandcamp.com,SAVED,2020-09-11T16:13:18Z,68391-121,Daveta,Edgeller
jriderr2@printfriendly.com,ACTIVE,2021-03-28T20:19:25Z,48951-7088,Jack,Rider
tarmfieldr3@apple.com,PURCHASED,2021-03-02T20:20:26Z,0456-1510,Thaine,Armfield
gbolanr4@prnewswire.com,SAVED,2020-11-24T03:52:17Z,10337-804,Georgi,Bolan
aeversleyr5@europa.eu,SAVED,2021-03-26T10:48:17Z,0113-0678,Amalea,Eversley
ecareyr6@indiatimes.com,ACTIVE,2021-04-27T15:05:18Z,58503-048,Elli,Carey
lcossonr7@csmonitor.com,ACTIVE,2021-03-20T02:31:46Z,50242-064,Leland,Cosson
jbuttrissr8@shutterfly.com,PURCHASED,2020-09-29T09:24:43Z,0904-5974,Jerry,Buttriss
sbullentr9@godaddy.com,ACTIVE,2021-05-02T23:23:30Z,24208-317,Seamus,Bullent
gvanhaeftenra@yellowbook.com,PURCHASED,2020-12-20T08:09:52Z,33261-591,Gunilla,Van Haeften
lokeeferb@noaa.gov,SAVED,2021-01-01T15:45:55Z,76237-167,Liva,O'Keefe
htrowlrc@multiply.com,ACTIVE,2020-10-11T01:26:57Z,17478-719,Hewe,Trowl
dpeperellrd@163.com,PURCHASED,2020-09-24T06:01:23Z,59194-002,Deva,Peperell
jmithonre@taobao.com,ACTIVE,2020-10-18T16:14:14Z,60512-6037,Joanne,Mithon
kbertholinrf@sakura.ne.jp,SAVED,2021-04-15T09:56:00Z,58177-310,Klement,Bertholin
akastelrg@apache.org,ACTIVE,2021-02-10T23:09:40Z,60429-300,Adelaide,Kastel
mconnalrh@geocities.com,ACTIVE,2021-04-23T14:58:33Z,10096-5219,Madelaine,Connal
dwhitcomberi@apple.com,ACTIVE,2020-10-20T18:10:28Z,54868-4242,Darrel,Whitcombe
dchastanrj@discuz.net,SAVED,2021-03-23T19:49:08Z,54799-505,Daren,Chastan
dsavaryrk@addthis.com,SAVED,2021-02-26T02:32:19Z,64661-011,Dulcy,Savary
pderrettrl@topsy.com,SAVED,2021-03-03T13:46:55Z,18027-033,Pattie,Derrett
gyashnovrm@omniture.com,ACTIVE,2020-09-20T00:56:31Z,49288-0196,Garrek,Yashnov
shinksrn@delicious.com,PURCHASED,2021-03-07T20:51:12Z,0703-5657,Stepha,Hinks
abellwoodro@seattletimes.com,SAVED,2020-09-04T02:07:34Z,0145-0982,Arne,Bellwood
jgherardescirp@360.cn,ACTIVE,2021-04-21T09:19:39Z,52427-274,Jameson,Gherardesci
amckearq@springer.com,ACTIVE,2021-03-05T18:48:31Z,43353-677,Alia,McKea
bfaslerrr@yellowpages.com,SAVED,2021-03-19T18:31:20Z,61589-1905,Beckie,Fasler
